community	category	lstm-3_lm_ppl	lstm-3-0_lm_ppl	lstm-3-1_lm_ppl	lstm-3-2_lm_ppl	lstm-3-3_lm_ppl	transformer-3_lm_ppl	transformer-3-0_lm_ppl	transformer-3-1_lm_ppl	transformer-3-2_lm_ppl	transformer-3-3_lm_ppl	lstm-3-0_pca1	lstm-3-0_pca2	lstm-3-1_pca1	lstm-3-1_pca2	lstm-3-2_pca1	lstm-3-2_pca2	lstm-3-3_pca1	lstm-3-3_pca2	transformer-3-0_pca1	transformer-3-0_pca2	transformer-3-1_pca1	transformer-3-1_pca2	transformer-3-2_pca1	transformer-3-2_pca2	transformer-3-3_pca1	transformer-3-3_pca2	lstm-3-0_lmcc_ppl	lstm-3-1_lmcc_ppl	lstm-3-2_lmcc_ppl	lstm-3-3_lmcc_ppl	transformer-3-0_lmcc_ppl	transformer-3-1_lmcc_ppl	transformer-3-2_lmcc_ppl	transformer-3-3_lmcc_ppl	lstm-3-0_info_gain	lstm-3-1_info_gain	lstm-3-2_info_gain	lstm-3-3_info_gain	transformer-3-0_info_gain	transformer-3-1_info_gain	transformer-3-2_info_gain	transformer-3-3_info_gain	lstm-3-0_indisc	lstm-3-1_indisc	lstm-3-2_indisc	lstm-3-3_indisc	transformer-3-0_indisc	transformer-3-1_indisc	transformer-3-2_indisc	transformer-3-3_indisc
Advice	general-interest	56.22054	58.704884	57.683926	57.779236	57.274826	66.365944	68.65302	72.73753	97.88761	68.12262	0.14172667	-0.2834253	-0.16375248	-0.0054905857	-0.15829651	-0.19005913	-0.1850047	-0.0087541165	-0.2533858	-0.20077327	-0.32509685	0.06567259	-0.46217877	0.043408405	-0.18689224	-0.08847707	26.902389526367188	28.80123519897461	28.743860244750977	32.40145492553711	33.77802658081055	28.86473274230957	26.90974235534668	29.722551345825195	0.9635492	0.9857758	0.98090273	0.9913125	0.98192626	0.9251247	0.6895873	0.9819036	0.5848345549210258	0.6261138086733611	0.6248665270598038	0.7043794549029806	0.7343049256697946	0.627494190050208	0.5849943990292756	0.6461424205614172
AskWomen	female-focused	65.65018	68.29289	66.97609	67.6778	66.352005	77.18172	78.07506	83.4977	110.55042	78.042496	-0.25157848	-0.121858045	-0.005425485	-0.08060512	-0.19907312	-0.12770116	-0.29139405	-0.10841788	-0.40916264	-0.13789569	-0.4440107	-0.118183166	-0.93493855	-0.1969514	-0.3035183	-0.13820262	31.390098571777344	31.851224899291992	32.29503631591797	34.68996810913086	37.06398391723633	33.36403274536133	33.57355880737305	33.83186340332031	0.97295856	0.9921985	0.98408884	1.0008696	0.99158084	0.92721957	0.7076332	0.9870484	0.6823934472125509	0.6924179325933042	0.702066006867782	0.7541297415028447	0.8057387808094854	0.725305059681768	0.7298599740733271	0.7354752913765286
BabyBumps	female-focused	61.209743	60.68199	59.166767	60.763462	58.961136	71.29365	69.58447	74.93262	98.3417	69.97923	-0.08033874	-0.04739331	-0.104387686	0.017987108	-0.09111332	-0.12588517	-0.25495765	-0.022969628	-0.29990798	-0.1911561	-0.29771748	0.15978695	-0.5918702	0.21746582	-0.23946038	-0.18426073	14.866012573242188	14.86376953125	14.740997314453125	17.00160789489746	20.685890197753906	17.487701416015625	16.139001846313477	15.401407241821289	1.0097336	1.0311624	1.0143412	1.0386887	1.0340369	0.9577143	0.7405006	1.0266974	0.32317418637483014	0.3231254245923913	0.32045646335767664	0.3696001716282057	0.44969326516856317	0.3801674220872962	0.350847866224206	0.33481320090915845
CFB	sports	99.165535	90.62345	88.30234	89.74683	96.74753	110.90772	106.12729	114.877045	139.64963	105.633224	0.0849341	0.39872512	0.25325662	-0.20937282	0.07207454	0.34902972	0.038010314	0.6853347	0.16983718	0.6561668	0.40284932	-0.41711086	0.84325165	-0.91224724	-0.07571408	0.6640586	20.113805770874023	19.36115074157715	18.9486083984375	21.020570755004883	24.28547477722168	22.363550186157227	20.386220932006836	21.8873348236084	1.0701337	1.1027352	1.0783502	1.0855808	1.0813676	1.0416772	0.8547382	1.0936128	0.4372566471929136	0.42089458133863367	0.41192626953125	0.45696892945662787	0.5279451038526453	0.48616413448167883	0.4431787159131921	0.47581162660018256
Drugs	other	78.12	78.201584	75.495	76.704926	75.1428	91.87457	88.23671	92.980286	120.06158	88.07413	-0.019383712	-0.2812698	-0.14382616	0.1304553	-0.08819123	-0.018763078	-0.24396847	0.013853999	-0.18609713	-0.01021653	-0.15906864	0.019406633	-0.63412935	-0.13698164	-0.219367	-0.092702106	18.14582061767578	16.763891220092773	15.769085884094238	17.886266708374023	22.07180404663086	19.292438507080078	15.823376655578613	16.720378875732422	1.0073467	1.0299149	1.027213	1.0417827	1.0331179	0.98455703	0.76730186	1.0485859	0.39447436125382135	0.36443241782810376	0.3428062148716139	0.3888318849646527	0.47982182710067084	0.41940083711043646	0.3439864490343177	0.3634864972985309
EDH	videogames	77.824394	73.71513	71.69342	73.3693	71.20968	90.45722	85.31416	91.69208	118.34929	82.35263	0.23179409	-0.19374305	-0.029164342	0.08361204	0.049964786	-0.070643425	0.3273845	0.016758101	0.3004047	-0.0980639	0.21564315	0.1674789	0.68929356	0.21642268	0.20905927	0.20314117	4.668171405792236	4.648162841796875	4.647636413574219	4.981807231903076	5.534628391265869	5.0019402503967285	5.0401787757873535	4.8711113929748535	1.033797	1.0662043	1.0409621	1.0806271	1.0571845	0.9837025	0.7536883	1.0851963	0.10148198708243993	0.10104701829993207	0.10103557420813519	0.10830015721528427	0.12031800850577977	0.10873783153036366	0.1095691038214642	0.10589372593423595
EarthPorn	other	72.351425	69.73229	68.973335	69.746925	70.16022	86.300964	78.42179	83.1976	103.85292	79.38283	0.072845735	-0.1368424	-0.08862397	0.07033166	-0.04664962	0.014385757	-0.22277251	0.0040648305	-0.16985713	0.039194614	-0.16568163	-0.010905582	-0.46063593	-0.024666922	-0.17149106	-0.13338488	24.167335510253906	22.296144485473633	23.081764221191406	26.25279998779297	26.565196990966797	26.511987686157227	20.950998306274414	25.814109802246094	1.051054	1.0761758	1.0541223	1.0661969	1.1071931	1.0297551	0.8389551	1.095557	0.5253768589185632	0.4846987931624703	0.5017774830693784	0.5707130432128906	0.5775042824123217	0.5763475583947223	0.455456484919009	0.5611763000488281
Fantasy	other	76.72165	76.00727	74.08347	75.35909	73.91137	89.809616	86.6689	93.7593	122.81491	86.513504	-0.12413016	-0.07237433	0.06558931	-0.066011354	-0.016974537	-0.06468916	-0.16736947	-0.09593964	-0.1527416	-0.12435268	-0.27268058	0.109415226	-0.5130921	0.43899155	-0.1291365	-0.07514084	12.330592155456543	11.33244514465332	11.190338134765625	12.970775604248047	14.847614288330078	13.698514938354492	11.626428604125977	11.912637710571289	1.0107735	1.0338074	1.0190243	1.0384659	1.0409963	0.9677004	0.7526758	1.0342879	0.268056351205577	0.2463575031446374	0.24326822032099185	0.2819733827010445	0.32277422365934955	0.29779380300770636	0.2527484479157821	0.2589703850124193
GameDeals	other	69.86846	68.26846	65.43637	67.02861	66.90891	82.02464	78.362785	83.25154	107.802704	77.33439	0.15040204	-0.11457501	-0.08070276	0.10357078	0.29841566	-0.016171161	0.48847765	-0.19828324	0.5692622	-0.29401007	0.36362454	0.4992343	0.532291	0.9412502	0.4794538	-0.09106036	14.394898414611816	14.560394287109375	14.533013343811035	16.812803268432617	16.89987564086914	17.65622329711914	13.032748222351074	15.648871421813965	1.02801	1.0598658	1.0425832	1.0514522	1.0525162	0.9989973	0.77378327	1.0545553	0.31293257423069165	0.31653031058933423	0.31593507269154425	0.365495723226796	0.3673886008884596	0.38383094124172046	0.28332061352937116	0.34019285699595575
GlobalOffensive	videogames	94.33264	89.090744	87.300186	86.30467	86.574554	107.80632	103.220146	106.02111	138.0806	99.886566	0.22565518	0.34594706	0.19479549	0.059428744	0.19921078	0.03735063	0.468664	0.010323264	0.4840404	0.028599907	0.53535014	0.03457606	0.90453285	-0.040291872	0.37116486	0.12660137	22.055627822875977	21.981996536254883	21.318878173828125	22.62655258178711	25.941476821899414	26.376829147338867	23.254741668701172	22.564090728759766	1.0483569	1.0670836	1.0636678	1.0745087	1.0538752	1.0135391	0.80317783	1.0819082	0.47947017006252124	0.4778694899185844	0.46345387334408966	0.49188157786493714	0.5639451483021611	0.5734093292899753	0.505537862363069	0.4905237114947775
Jokes	other	79.143166	81.71683	75.77889	76.87606	75.35511	90.71292	91.02554	90.248665	120.43996	86.0909	-0.50932574	-0.039533082	-0.052253913	-0.23601907	-0.19345142	0.059529383	-0.18977667	-0.04061745	-0.26472268	0.1609556	-0.22843842	-0.33007208	-0.427163	-0.5745321	-0.19312654	-0.016490279	40.44737243652344	39.03812026977539	38.96235656738281	40.966854095458984	43.152137756347656	41.649539947509766	40.59581756591797	40.46588134765625	1.0345412	1.05774	1.0452732	1.0483742	1.0792083	1.0378436	0.85484874	1.0890019	0.8792907051418138	0.848654788473378	0.8470077514648438	0.890583784683891	0.9380899512249491	0.9054247814676036	0.8825177731721298	0.8796930727751359
Kappa	other	115.293495	105.80009	121.214516	99.741196	104.26246	136.13696	123.71359	127.153275	156.59442	122.390175	-0.18810257	0.34446737	0.43731925	-0.06952839	0.022440528	0.36395714	0.19859838	0.15929876	0.27432698	0.46854475	0.5918253	-0.34710342	0.78391755	-0.8524073	0.15097168	0.2810842	24.421037673950195	23.567697525024414	22.445398330688477	25.00143051147461	30.44688606262207	27.94857406616211	24.589418411254883	24.556026458740234	1.0762486	1.1054639	1.0952394	1.0955898	1.0819418	1.0483464	0.8729741	1.1438905	0.5308921233467434	0.512341250544009	0.48794344197148865	0.5435093589451002	0.6618888274483059	0.6075776970904806	0.5345525741577148	0.5338266621465269
KerbalSpaceProgram	videogames	82.67101	77.81659	76.60043	77.3168	77.551575	95.3285	89.754425	93.95032	120.434105	87.5771	0.3064402	-0.16416736	-0.2525	-0.039232176	0.113407865	-0.1665983	0.27728358	-0.47646242	0.16848092	-0.39553565	0.050509162	0.3426274	-0.08997824	1.1071924	0.43073368	-0.351401	14.774385452270508	14.096643447875977	13.961173057556152	14.895214080810547	17.244495391845703	16.30803871154785	14.947278022766113	14.401762008666992	1.0455861	1.0577163	1.056978	1.0772504	1.0579182	1.0104584	0.7995731	1.0722623	0.3211822924406632	0.3064487706059995	0.30350376212078595	0.32380900175675104	0.37488033460534137	0.3545225806858229	0.324940826581872	0.3130817827971085
KotakuInAction	other	94.01484	95.53087	92.30879	93.17237	91.73973	110.12631	108.52167	114.46102	150.05145	107.73073	-0.1566701	-0.18144622	0.07712128	-0.13985343	-0.13519901	0.11797323	-0.0045589106	-0.16026168	0.02070093	0.021417871	0.042946655	-0.13095061	0.16393182	-0.0965602	0.06118525	-0.06407083	28.507862091064453	27.45915412902832	27.292879104614258	29.21746826171875	34.752105712890625	32.10914993286133	28.159181594848633	26.9202823638916	0.98001593	1.0104561	1.0040839	1.0206267	1.0067312	0.95139843	0.7436969	1.0108684	0.6197361324144446	0.5969381332397461	0.5933234587959622	0.635162353515625	0.7554805589758832	0.6980249985404636	0.6121561216271442	0.5852235296498174
LifeProTips	general-interest	79.40318	82.78011	79.71015	81.38185	79.55853	92.41649	94.60727	98.59703	129.18091	93.30241	-0.103008196	-0.04590207	-0.2054236	-0.023234025	-0.109604664	-0.15516385	-0.13420261	-0.12768444	-0.19236284	-0.19239627	-0.29714966	0.07218855	-0.6367238	0.038325343	-0.13597824	-0.15470222	40.492156982421875	40.290279388427734	40.073081970214844	41.60083770751953	42.731685638427734	41.298614501953125	39.95148849487305	40.8260383605957	0.96342635	0.99053544	0.97855616	0.99914366	0.9860275	0.93653893	0.7228163	0.988303	0.8802642822265625	0.8758756388788638	0.8711539558742357	0.9043660371199899	0.9289496877919072	0.8977959674337636	0.8685106194537618	0.8875225730564283
MLS	sports	93.25562	86.25086	82.644394	84.649086	85.966576	110.055626	100.64565	105.99916	132.97409	98.60682	0.05107322	0.3612384	0.2736803	-0.1951353	-0.0012002762	0.27993274	0.14134748	0.54342157	0.20118308	0.57806	0.4469907	-0.5292896	1.0279622	-0.5727413	-0.01248021	0.5378499	19.531265258789062	18.570903778076172	18.466039657592773	19.888765335083008	23.7208194732666	21.336109161376953	20.531293869018555	20.325986862182617	1.0564007	1.095343	1.073158	1.0873327	1.0810094	1.0367329	0.83994055	1.102801	0.4245927230171535	0.403715299523395	0.4014356447302777	0.43236446380615234	0.5156699885492739	0.4638284600299338	0.44633247541344684	0.4418692796126656
MMA	sports	95.99237	89.950806	87.37824	87.437645	87.873085	114.20692	102.12903	107.12059	133.38188	102.737236	-0.19914122	0.5264676	0.20347315	-0.18663177	-0.041452676	0.33721918	-0.065190114	0.41677865	-0.024707135	0.7179933	0.23820265	-0.61625636	0.6813128	-0.83668303	-0.15083525	0.47573337	16.685659408569336	16.047924041748047	15.196708679199219	17.004552841186523	20.85227394104004	19.275785446166992	16.40452003479004	16.75141716003418	1.0531608	1.0814422	1.0672451	1.0873977	1.0881389	1.0334313	0.8366532	1.0945054	0.36273172627324646	0.3488679139510445	0.33036323215650476	0.36966419219970703	0.4533103030660878	0.4190388140471085	0.3566200007563052	0.36416124260943866
MaddenUltimateTeam	videogames	95.66227	85.893	85.050804	86.89192	88.67187	115.781204	99.58337	104.92085	131.60464	97.7047	0.29384905	0.47301552	0.3325653	0.31268844	0.42987612	0.15799153	0.42496622	0.8070504	0.5729254	0.39879805	0.73268694	0.12072622	1.201562	-0.13289592	0.20326476	0.75887626	14.072381973266602	13.703266143798828	13.758070945739746	15.738688468933105	16.510913848876953	16.3798828125	14.823053359985352	15.668725967407227	1.1141331	1.1321293	1.1150932	1.1049857	1.152192	1.0964662	0.89990765	1.1693802	0.30592134724492615	0.2978970900825832	0.29908849882042926	0.3421454014985458	0.35893290975819464	0.3560844089673913	0.32224029043446417	0.340624477552331
TwoXChromosomes	female-focused	65.692635	68.89378	66.8623	67.92306	66.19808	77.4615	79.56318	84.63275	113.8288	80.17727	-0.13404128	-0.16044988	-0.119201474	-0.12539998	-0.16804256	-0.053112775	-0.25523043	-0.11025819	-0.41129902	-0.10553833	-0.39203435	-0.113581665	-0.6705022	-0.2571398	-0.22567011	-0.14651588	29.88389778137207	30.575963973999023	30.31580924987793	32.275733947753906	35.53997802734375	31.84982681274414	29.485980987548828	30.26878547668457	0.9564645	0.98312235	0.97146577	0.996167	0.98064667	0.9189078	0.6884415	0.971995	0.649649951768958	0.6646948689999788	0.6590393315190854	0.7016463901685632	0.7726082179857336	0.6923875394074813	0.6409995866858441	0.6580170755800994
Warframe	videogames	100.366234	95.273964	92.69098	93.78642	91.119194	115.73729	108.107445	113.76768	144.39026	106.56241	0.20391756	-0.10115979	-0.034387223	0.066658795	0.15556505	-0.031121982	0.39324304	-0.20279568	0.4119835	-0.19767456	0.24555771	0.36037314	0.48438525	0.47058016	0.43112293	-0.25562954	12.049169540405273	11.83077335357666	11.480097770690918	12.357125282287598	13.471648216247559	14.534912109375	12.896233558654785	12.104247093200684	1.0412376	1.0650661	1.0569265	1.083687	1.060215	1.0054868	0.79863364	1.0745552	0.26193846826967987	0.2571907250777535	0.2495673428411069	0.2686331583106	0.29286191774451215	0.3159763502038043	0.2803529034490171	0.2631358063739279
airsoft	other	83.70687	78.97085	76.13107	77.31943	75.50325	96.45353	91.66305	95.13365	121.47898	88.15658	0.303714	0.11072952	0.06750525	0.2922019	0.18780047	-0.16107424	0.19986495	-0.16038159	0.2749347	-0.17100543	0.28903252	0.25846553	0.34909418	0.59122384	0.25591633	-0.10250951	15.821725845336914	14.892050743103027	14.831125259399414	16.17833137512207	18.277448654174805	16.636127471923828	15.573172569274902	16.177169799804688	1.0426961	1.0642866	1.0536724	1.0819275	1.057768	1.0181904	0.7994101	1.0713701	0.3439505618551503	0.32374023354571796	0.3224157665086829	0.35170285598091455	0.39733584030814795	0.36165494504182233	0.3385472297668457	0.35167760434358014
bodybuilding	other	83.78417	81.84458	79.34863	80.62175	79.2769	98.97526	93.594444	99.78677	127.614494	92.30079	-0.097795404	0.32878065	0.0053318413	0.1289531	-0.012811444	-0.029377794	-0.20931327	0.15751712	-0.15877722	0.25966808	-0.024216734	-0.15594867	-0.17349815	-0.55665636	-0.23807597	0.09176335	24.324687957763672	23.113492965698242	22.12209129333496	24.957231521606445	28.61066436767578	26.63990020751953	24.67172622680664	24.15720558166504	1.0246942	1.0499718	1.039181	1.0518548	1.048309	1.001446	0.78512096	1.0623081	0.5287975642992102	0.5024672383847444	0.4809150281159774	0.5425485113392705	0.6219709645146909	0.5791282653808594	0.5363418744957965	0.5251566430796748
breakingmom	female-focused	66.656334	67.982	66.12287	67.540665	65.69948	77.72607	76.91514	82.08797	106.090645	77.31156	-0.1534723	-0.05795285	-0.18115264	-0.11995124	-0.14403579	-0.13441977	-0.20177688	0.0033027376	-0.3277301	-0.09104517	-0.29083413	-0.03579251	-0.57565886	-0.028750619	-0.31640002	-0.112281434	24.223432540893555	24.632183074951172	24.75847816467285	26.904979705810547	30.754934310913086	27.576419830322266	25.782644271850586	25.314590454101562	0.983354	1.0081116	0.9906252	1.0188831	1.0189109	0.9517813	0.74690175	1.0128973	0.5265963595846425	0.5354822407598081	0.5382277861885403	0.5848908631697946	0.6685855284981106	0.5994873876157014	0.5604922667793606	0.5503171837848165
cars	other	88.255066	84.76072	82.732544	83.51	82.08529	104.096504	96.13934	101.93777	130.73141	96.917046	-0.038725074	0.023686426	-0.100661084	0.12100905	-0.01770495	-0.053467054	-0.07783747	0.107077144	0.0065436005	-0.060064223	-0.051154003	0.10755096	0.0021227433	0.09570806	-0.048881967	-0.029703505	14.39561939239502	14.243640899658203	13.676362037658691	14.574564933776855	16.32645606994629	15.19404125213623	12.848807334899902	14.477309226989746	1.0334717	1.0496008	1.0418644	1.0588348	1.0704881	1.0106627	0.7947435	1.0629013	0.3129482476607613	0.30964436738387396	0.29731221820997156	0.3168383681255838	0.3549229580423106	0.33030524461165717	0.27932189858478046	0.31472411363021185
cringe	other	74.71857	75.129395	72.36698	74.47021	73.35077	86.07535	84.71784	90.23227	113.01968	85.90972	-0.36954752	0.07943527	0.11544626	-0.20828591	-0.23222698	0.14144553	-0.2217384	0.052463897	-0.14553097	0.30430984	-0.09462348	-0.46742547	-0.048295517	-0.7657321	-0.20783325	0.09091219	38.23989486694336	37.1942253112793	36.99041748046875	38.798866271972656	42.31468200683594	40.61128616333008	38.9661865234375	37.8315544128418	1.010425	1.0339843	1.0204426	1.0342182	1.030626	0.97721064	0.7885122	1.0365084	0.8313020623248556	0.8085701154625934	0.8041395104449728	0.8434536146081012	0.9198843914529552	0.8828540470289148	0.847091011379076	0.8224250959313434
eu4	videogames	92.29886	86.78285	84.514885	84.815285	83.9719	108.44447	97.39677	101.44188	130.2074	96.600105	0.2738374	-0.2347629	-0.2558029	-0.051055524	0.23841384	0.118872	0.3863863	-0.06160074	0.27709404	-0.10313432	0.20611641	0.14932193	0.24727573	0.6505294	0.4640225	-0.021343423	9.109021186828613	8.898183822631836	8.394554138183594	8.8408203125	10.311240196228027	10.05168628692627	9.068865776062012	9.24526596069336	1.0672003	1.0844659	1.0830477	1.0976496	1.1024649	1.046737	0.83076996	1.1105571	0.1980221997136655	0.193438778752866	0.18249030735181726	0.19219174592391305	0.2241573955701745	0.21851491928100586	0.19714925600134808	0.20098404262376868
exjw	other	78.261505	78.19426	75.88883	76.12732	75.73122	90.137535	89.86882	94.699844	121.22495	88.92924	-0.25893298	-0.32977343	-0.071649134	-0.214927	-0.14418858	-0.010685549	-0.28252143	-0.17183115	-0.3629985	-0.07100043	-0.42700034	0.0022639497	-0.6262109	-0.2994332	-0.18028231	-0.12495901	24.9954776763916	23.48880386352539	22.94144630432129	25.230504989624023	31.203231811523438	27.146238327026367	24.275924682617188	25.018407821655273	0.98565996	1.0093074	1.0086241	1.0199438	1.0044142	0.9545279	0.75279754	1.0141946	0.5433799494867739	0.5106261709462041	0.49872709357220196	0.5484892389048701	0.6783311263374661	0.590135615804921	0.5277374931003737	0.5438784309055494
explainlikeimfive	general-interest	92.16215	95.094955	92.350136	93.965164	92.35964	105.09407	109.393776	115.88184	154.624	109.17284	-0.07230209	-0.2474918	-0.20408767	-0.10891085	-0.12099384	-0.08062405	-0.14176832	-0.11912249	-0.18682633	-0.15738964	-0.28583637	-0.015385681	-0.622441	0.067295305	-0.041283775	-0.18876354	36.118377685546875	36.88291931152344	35.496788024902344	38.7638053894043	39.26776885986328	38.679405212402344	34.5101432800293	36.13539505004883	0.9630871	0.9843982	0.9756558	0.99548924	0.9781153	0.9231755	0.6900297	0.97374016	0.7851821235988451	0.8018025937287704	0.7716693048891814	0.8426914215087891	0.8536471491274626	0.8408566350522249	0.7502205060875934	0.7855520663054093
femalefashionadvice	female-focused	68.41889	67.35293	65.81238	66.80447	65.28427	80.71241	78.369965	83.975746	111.84383	77.811134	-0.0064060385	-0.06477583	0.014401767	0.24894144	0.036855515	-0.05343593	-0.24303402	-0.09424213	-0.19246471	-0.25157967	-0.24754171	0.29204795	-0.35476336	0.22778024	-0.21688466	-0.1814225	10.703439712524414	10.529549598693848	10.473662376403809	12.000563621520996	13.146064758300781	10.768158912658691	9.759288787841797	10.633735656738281	1.0190352	1.0404017	1.0301276	1.0467991	1.0373791	0.9677259	0.7327028	1.0433146	0.2326834720114003	0.22890325214551843	0.22768831253051758	0.2608818178591521	0.2857840164847996	0.23409041114475415	0.21215845190960428	0.2311681664508322
food	other	84.59338	79.716194	76.095184	80.00818	78.81727	97.960434	89.60589	95.96249	118.86207	89.51915	-0.27832726	-0.13065381	-0.14966679	0.22058617	-0.096563816	0.0043842974	-0.2616822	-0.09324372	-0.23468708	0.04204937	-0.21589735	-0.09351881	-0.6434115	-0.19541033	-0.2582277	-0.15473075	26.441242218017578	25.23031997680664	24.70528221130371	30.924488067626953	32.88785934448242	30.838396072387695	25.03536033630371	29.212600708007812	1.057065	1.0741007	1.0617863	1.0581993	1.0841975	1.0192331	0.83504975	1.0890378	0.5748096134351648	0.5484852168871008	0.5370713524196459	0.6722714797310207	0.7149534640104874	0.6703999146171238	0.5442469638326893	0.6350565371306046
heroesofthestorm	videogames	92.81219	88.645096	86.09342	88.16063	87.59302	106.48818	101.92974	107.53754	137.56363	101.0504	0.33088568	0.19694068	0.046983395	0.026754666	0.14917621	-0.050531503	0.38737538	0.05237404	0.4356391	-0.026696665	0.41434658	0.1620761	0.6719661	0.51578987	0.45858324	0.21610053	11.959816932678223	11.9063081741333	11.36613941192627	12.14596176147461	14.20073413848877	13.692322731018066	13.478944778442383	11.753310203552246	1.0372953	1.0565318	1.042346	1.0602407	1.0373152	0.99034613	0.7738958	1.0526825	0.2599960202756135	0.2588327863942022	0.24708998721578848	0.2640426469885785	0.3087116117062776	0.2976591898047406	0.29302053866179095	0.2555067435554836
jailbreak	technology	71.9458	65.535805	63.8406	63.34402	65.55472	83.32806	75.717896	76.886795	99.30048	73.70349	0.61586404	0.0055316	-0.007369466	0.27172375	0.37947863	-0.18315183	0.3464434	-0.5125281	0.39549446	-0.28105736	0.09772266	0.5997064	0.31558064	1.0258232	0.41588858	-0.28734788	12.28319263458252	12.132817268371582	12.55119800567627	13.469647407531738	14.39869499206543	15.345076560974121	12.269474029541016	12.460420608520508	1.084294	1.102517	1.102257	1.0909439	1.104036	1.05623	0.8386493	1.1204412	0.2670259268387504	0.26375689713851264	0.27285213055817975	0.2928184219028639	0.3130151085231615	0.33358862089074176	0.26672769629436993	0.2708787088808806
justneckbeardthings	other	80.94069	79.42257	77.82453	78.30991	77.920395	95.05176	91.13951	101.69607	124.55292	89.6776	-0.5380447	-0.032028034	0.032962274	-0.2388779	-0.20071295	0.095796116	-0.19371952	-0.1262041	-0.21339855	0.11377157	-0.13851576	-0.3993854	-0.39172012	-0.7097969	-0.20874348	-0.002445924	36.09489059448242	34.125186920166016	34.07139587402344	35.82061004638672	40.52216339111328	38.13475036621094	35.70461654663086	34.490394592285156	1.0195639	1.0483434	1.0362731	1.044373	1.0483361	0.99837345	0.80451787	1.0614315	0.7846715346626614	0.7418518895688264	0.7406825190005095	0.7787089140518851	0.8809165954589844	0.8290163123089335	0.7761873162311056	0.7497911867888077
oculus	technology	83.10377	82.14767	80.37731	80.05001	80.03107	96.748695	94.33402	99.041756	127.072586	92.65129	0.2282516	-0.13472684	0.014917604	-0.023124656	0.13588029	-0.043114148	0.30453902	-0.21189626	0.3257151	-0.32545823	0.13891058	0.37843162	0.4721424	0.41735312	0.3353404	-0.13314028	15.059944152832031	15.132331848144531	14.856134414672852	15.021979331970215	18.511844635009766	17.670902252197266	14.464210510253906	14.14059829711914	1.0061265	1.0265245	1.0295669	1.0350617	1.025585	0.9734244	0.75985134	1.0371901	0.3273900902789572	0.32896373582922894	0.3229594437972359	0.326564768086309	0.40243140510890796	0.3841500489608101	0.31443935891856317	0.30740431080693786
pcmasterrace	technology	73.01512	73.7826	70.45251	72.246666	72.30292	85.268005	83.01997	88.48125	117.333664	83.19249	0.13059333	-0.006154315	-0.017529368	0.10025628	0.14865825	-0.07584221	0.42234248	-0.2198876	0.411322	-0.325156	0.356615	0.3711644	0.45097262	0.7320481	0.43997076	-0.08627028	31.231969833374023	30.871854782104492	30.767377853393555	31.88976287841797	34.39878845214844	34.92264175415039	30.398162841796875	30.901918411254883	1.0268472	1.0576167	1.0228798	1.0258298	1.0302055	0.9885694	0.7834381	1.0468953	0.6789558659429136	0.6711272778718368	0.6688560402911642	0.6932557147482167	0.7477997489597487	0.7591878642206606	0.6608296269955842	0.67178083502728
photography	other	73.545006	73.88728	71.56862	72.36488	71.133736	86.91828	85.08632	89.276245	117.2621	83.39819	0.09632043	-0.25260994	-0.013702197	0.18238892	0.08090006	-0.24439985	0.036618393	-0.11435278	-0.005034426	-0.33619046	-0.21822625	0.31275433	-0.19088176	0.5877556	0.040317085	-0.19952932	12.256165504455566	11.726582527160645	11.418253898620605	12.179060935974121	12.938027381896973	12.237603187561035	10.528116226196289	10.884625434875488	1.0062848	1.0312331	1.0220536	1.0399541	1.0274948	0.97481465	0.7444517	1.0359308	0.26643838053164276	0.2549257071121879	0.24822291083957837	0.264762194260307	0.28126146482384723	0.2660348519035008	0.22887209187383237	0.23662229206251062
reddevils	sports	84.2507	77.36245	76.153366	76.19414	77.34563	100.35462	91.06697	94.7528	119.30957	89.28061	0.19758138	0.37082765	0.23844984	-0.18837386	0.13736413	0.314598	0.2348056	0.5319604	0.19984041	0.5611033	0.44735453	-0.4918476	1.1779163	-0.37930742	0.033322036	0.5706507	13.888257026672363	13.463676452636719	13.35837173461914	14.656808853149414	17.739229202270508	15.395444869995117	14.723642349243164	14.392147064208984	1.056941	1.0840805	1.0730848	1.0804557	1.1011786	1.0482528	0.8418246	1.10801	0.3019186310146166	0.29268861853558087	0.29039938553519873	0.3186262794162916	0.3856354174406632	0.3346835841303286	0.3200791815052862	0.3128727622654127
relationships	general-interest	53.07049	54.83202	53.385498	53.964592	53.092472	62.193565	63.040245	67.35353	89.07312	64.14061	-0.03599116	-0.13703611	-0.17239775	-0.1649669	-0.21929386	-0.14154755	-0.18049525	-0.028637724	-0.39106748	-0.09883274	-0.3121476	-0.08629104	-0.58875906	-0.13105258	-0.25471032	-0.0953154	19.99738883972168	21.184738159179688	21.057703018188477	24.222219467163086	26.67667007446289	21.84078598022461	19.409147262573242	21.994731903076172	0.9772582	1.0067455	0.9927933	1.0099754	0.9965827	0.93459743	0.7093262	0.985671	0.43472584434177564	0.46053778606912366	0.4577761525693147	0.5265699884165889	0.5799276103144106	0.4747996952222741	0.4219379839689835	0.47814634571904724
rupaulsdragrace	other	88.687904	83.06767	80.915504	82.25879	81.88374	104.57782	93.80898	103.81598	124.96711	94.44181	-0.12816355	0.3850092	0.48872247	0.013304977	-0.116987854	0.263641	-0.23300664	-0.115799546	-0.23112994	0.411994	-0.027633948	-0.37358385	0.16870381	-0.43219122	-0.2981659	-0.09853198	16.52248764038086	15.700597763061523	15.782828330993652	17.212303161621094	21.340377807617188	18.693960189819336	17.328075408935547	16.842117309570312	1.053693	1.0869354	1.0717843	1.0777414	1.0929261	1.0313793	0.84901124	1.1084571	0.35918451392132306	0.3413173426752505	0.3431049637172533	0.374180503513502	0.46392125668733014	0.406390438909116	0.3766972914985988	0.366132984990659
stopdrinking	other	53.266556	54.29181	52.60798	53.443184	58.738186	65.7289	66.46438	66.488785	92.084015	63.023117	0.08993743	-0.311023	-0.037842628	0.045208022	-0.12907736	-0.113867946	-0.28498638	0.048225332	-0.34975794	-0.15731399	-0.5065913	0.103999145	-0.84541065	-0.06301261	-0.25588346	-0.057261173	12.969554901123047	13.766307830810547	14.455368041992188	17.844223022460938	19.115049362182617	14.711593627929688	12.949122428894043	15.523134231567383	1.021023	1.0432503	1.0225054	1.0322376	1.0325114	0.9768229	0.7590801	1.0204047	0.28194684567658795	0.29926756153935974	0.31424713134765625	0.3879178917926291	0.415544551351796	0.31981725278108014	0.2815026614976966	0.33745943981668225
streetwear	other	99.63969	90.19451	85.71869	87.149445	88.992836	122.14097	102.75242	118.64968	136.53963	103.453896	-0.011313329	0.460542	0.24625616	0.4423389	0.16354613	0.10407325	-0.052448414	0.14983547	0.1917588	0.22140297	0.29977524	-0.056486532	0.5290379	-0.69574577	-0.11124006	0.15096304	20.056331634521484	19.193883895874023	19.1459903717041	21.62017250061035	23.681379318237305	24.00604248046875	19.01938819885254	20.92795181274414	1.1270132	1.1548494	1.130696	1.1239914	1.163244	1.1005439	0.92101216	1.195896	0.4360072094461192	0.41725834556247876	0.41621718199356744	0.4700037500132685	0.514812593874724	0.5218704887058424	0.4134649608446204	0.45495547419009
techsupport	technology	66.7422	64.97709	63.32007	64.23245	64.28028	78.65439	75.06966	79.62236	105.63026	74.80124	0.47060865	-0.34053183	-0.3238324	0.18656208	0.18889739	-0.2994038	0.36226156	-0.24691458	0.31475335	-0.61712974	0.093922034	0.69191533	0.2041486	1.4509226	0.55205697	-0.25296134	9.911537170410156	9.97227954864502	10.493988990783691	10.742010116577148	13.833025932312012	12.186915397644043	8.46542739868164	9.10791301727295	1.0406405	1.0608294	1.048655	1.0473177	1.0410564	0.9854805	0.7430374	1.0421448	0.21546819935674252	0.21678868584010913	0.22813019545181937	0.23352195905602496	0.3007179550502611	0.26493294342704443	0.18403103040612262	0.19799810907115106
todayilearned	general-interest	91.16441	93.114586	92.50713	93.13162	91.73297	105.8007	105.93453	112.45576	144.48743	106.88946	-0.28360617	-0.13487875	-0.089043945	-0.19835584	-0.14275537	0.053237725	-0.21932642	-0.031207427	-0.19722785	0.033027295	-0.20089926	-0.19958697	-0.38855785	-0.38680884	-0.16773413	-0.06737368	39.46816635131836	39.296295166015625	38.74459457397461	40.484710693359375	42.47199249267578	41.327762603759766	39.682769775390625	39.78296661376953	0.9745841	0.99747115	0.9803651	1.0016683	1.0014282	0.95034015	0.7445198	1.0042635	0.8580036163330078	0.854267286217731	0.8422737950864045	0.8801024063773777	0.9233041846233866	0.8984296218208645	0.8626689081606658	0.8648471002993376
toronto	other	86.706055	87.49332	85.33139	85.94379	85.23917	100.610374	100.7495	105.13028	137.12292	99.818146	-0.14303905	-0.019898867	-0.0679892	-0.18037069	-0.15437059	0.015195529	-0.17240989	0.08248959	-0.17207131	0.022425668	-0.10619712	-0.13830581	-0.14698274	-0.18207014	-0.14188915	-0.026544243	31.394901275634766	31.875524520874023	29.572555541992188	31.255332946777344	36.281524658203125	33.61854553222656	29.2396240234375	30.70887565612793	0.9791294	1.0034137	0.999173	1.0098237	1.0022676	0.9545484	0.7431257	1.0095252	0.6824978538181471	0.6929461852363918	0.6428816422172214	0.6794637597125509	0.7887287969174592	0.7308379463527513	0.6356440005095109	0.6675842533940854
videos	other	81.92655	83.17864	80.65906	82.13022	80.25233	95.31643	95.4171	100.887886	127.88678	95.19503	-0.22758135	0.04058405	-0.018623315	-0.15848878	-0.16682778	0.043055493	-0.14867884	0.009852612	-0.16534744	0.110660605	-0.1302752	-0.37606537	-0.13968128	-0.5610549	-0.1001046	-0.023405844	40.618656158447266	40.100303649902344	39.90589904785156	41.21110916137695	43.4425048828125	42.25589370727539	41.01350021362305	40.610076904296875	0.9847887	1.0078971	0.9891632	1.011252	1.0119951	0.9609663	0.7562359	1.0153302	0.883014264314071	0.8717457315196162	0.8675195445185122	0.8958936774212382	0.9444022800611414	0.9186063849407694	0.8915978307309358	0.8828277587890625
xxfitness	female-focused	65.40193	66.60215	65.17229	64.965576	64.275696	77.251076	76.43157	81.36292	111.42933	76.1409	-0.09126392	-0.073490016	-0.117777996	0.1072412	-0.04012659	-0.17681587	-0.29944363	0.008311985	-0.3079473	-0.12947674	-0.35051224	0.121892944	-0.7439157	0.18525577	-0.24236344	-0.1298554	14.856571197509766	15.42502498626709	14.007739067077637	16.65622329711914	17.984722137451172	15.839090347290039	15.348666191101074	14.290813446044922	0.9892201	1.0093951	1.0088865	1.020263	1.01563	0.9538604	0.7047682	1.01421	0.32296893907629926	0.3353266301362411	0.30451606667560077	0.36209181080693786	0.3909722203793733	0.3443280510280443	0.33366665632828424	0.3106698575227157
