lstm-3-0_ig	lstm-3-1_ig	lstm-3-2_ig	lstm-3-3_ig	transformer-3-0_ig	transformer-3-1_ig	transformer-3-2_ig	transformer-3-3_ig
0.9422477766645425	0.9397356338467433	0.9570942766962399	0.9548717246698674	0.9483815548319103	1.0276896607994839	1.021616142794998	0.9360526829294802
0.9706267468201887	0.9861082235661139	0.9909360907277173	0.9911101915871456	0.9695984878920871	1.055708331614191	1.1096393618144214	0.9753988984117521
0.9117108523452834	0.9477872225588121	0.9610435923117656	0.9635364043027249	0.9743268536939776	1.0478404616190171	1.0833038816867824	0.9633829418026582
0.8938929483014102	0.8946573805370381	0.9159489753828375	0.937240278034559	0.942393691173643	0.9917337088777243	0.996080931102991	0.9179251857560649
0.6936536572355345	0.7061101614517964	0.7445596315821715	0.8345328131650835	0.776280274927156	0.8288856286284322	0.8494926014028695	0.8237014663818989
0.9423412994567842	1.0178441014018371	1.0061438218359358	0.9699626498204249	0.9920761761861763	1.100295697363711	1.135910517809669	1.0078091767276063
0.981065629939813	1.0341629008754845	1.0456989355257464	1.0258275363486575	1.008985357357835	1.1353580355074018	1.1729401868236005	1.0325855601423002
1.035277076043535	1.0362559348581466	1.0457221773388066	1.0233625176142451	0.9977485564808934	1.1519657051648609	1.1710863539209146	1.015899049487004
0.9977963660448603	1.0443273866565033	1.0393325963167699	1.0183133681766836	1.003793110270449	1.1094598443969041	1.132625711659763	1.0084496270544312
0.9903550930190673	1.0145599723585552	1.0097604350833433	0.995729591894548	0.9936303541099882	1.0955688547154256	1.1260238113101584	0.991523964732188
0.9589721546174448	1.0220172435555264	1.0072314212250641	0.9867379674731799	0.9928929246833236	1.0928581088800158	1.1377397411081407	1.0104918932900413
0.9744425354070314	1.0111996319943644	0.9935568489697598	0.9841365404027833	0.9791205368943046	1.100909725384388	1.1113376542998652	0.9855154844120405
0.9613753275518162	0.9738976523737461	0.9775308194786879	0.9674831159400709	0.980781987570417	1.0585260336275193	1.0780234663159904	0.9709757011108352
0.9021435527510104	0.9521841413197043	0.932389626003397	0.9401063567786675	0.9536285980934683	1.0287718473164211	1.0138159487289917	0.9317437056458291
0.8344695090495481	0.875384387304384	0.884583553356039	0.9252020771328319	0.9076094516109696	0.9492501521387772	0.9185571950638655	0.8772567509991189
0.8835395565827575	0.9233143304670666	0.9213013214263996	0.9354990786449012	0.9274710252635919	1.0059233237279297	1.026687273853962	0.9321150693602267
1.0150087563271888	0.9973258977890636	0.9941063402377354	0.9790883825070364	0.9967245598586484	1.0960506997140536	1.1387399271286618	0.9939487825880357
0.8978131686542878	0.9584167166553789	0.9414321815402422	0.9370305317118127	0.9572427261308161	1.0238149120034858	1.0690615647845165	0.9813725712787773
0.6463691255776877	0.977523947975573	0.9707930766195169	0.968160437813525	0.9969862158464039	1.0936057406445128	1.1102765260859406	0.9812075910326651
1.014986090284866	1.0406625178095872	1.0382026947350558	1.0119480909914067	0.9994495189742908	1.1113452997167563	1.156535856176142	1.0149532889437185
1.004498003061284	1.0190932902873964	1.0211335447159227	1.008250712966421	0.9890268236304058	1.0991684901840606	1.1136727786577976	1.015778126471025
0.94074757282114	1.0192489220959122	1.01088201698143	0.9901124086433882	0.989505644425729	1.1043352381223106	1.1165928562863847	1.0015355197555729
0.9933649527051737	1.0416555647636283	1.0398588975638527	1.0159219767849166	1.009879516346488	1.1108336040901363	1.1516241899017916	1.0248670334933832
0.9888823664955558	1.024452810179725	1.0167360085281385	1.0058131555643752	1.0081834144875375	1.1077333678789354	1.1240890139405173	1.0076132196966823
0.996035681313309	1.0393385997546147	1.017561629863125	0.9999724546888423	1.0098942202833412	1.1055760524974771	1.1239315702445853	1.011894188020907
0.9485254132184393	0.9990801528760151	0.9902714633976467	0.9624557847161925	0.9849839885870806	1.0724835726586792	1.102096283340872	0.9935058875130433
0.960662680904222	0.9910777355533228	0.9836377926903014	0.9862139599287588	0.9684208565085983	1.0888742361591228	1.0812178320036399	0.9690800617517294
0.9058651052946709	0.9746834650708962	0.9612671013339088	0.9674297718731922	0.95839697968097	1.0609570816208995	1.0561467902371109	0.9612991432146357
0.9130875766686675	0.9266088123296188	0.93834518318395	0.9560019037519785	0.9603917100249867	1.0007892276257653	1.0424184430738608	0.9603502593624669
0.9148835635972578	0.9399600617709417	0.9154790023055754	0.9529470395745777	0.9208108245760563	0.9909765631855212	0.9869828501090503	0.9326141614747204
0.9711225222032557	1.0106254939705628	1.0027278222124674	0.9821417243198338	0.9751411121234156	1.0705109328925406	1.0957913457701722	0.9910075159747387
0.9838699472924628	0.9998552852686732	0.9928918484768746	0.9832931455058309	0.961139914841281	1.037558938057929	1.0466469531175568	0.9600370932850273
1.0139959378972536	1.0344592994111919	1.0422000638632856	1.016522180437101	1.0025014713501483	1.0688181879517127	1.1027749548318058	1.0037484086149213
1.0400869712073983	1.0390762644869533	1.0330431852604929	1.0144869713895512	1.0048447035361143	1.1171005059866523	1.1320804946190988	1.0179442686174107
1.023759800601199	1.0269355907126665	1.0241051858323944	0.9956745534306873	0.9920859030911905	1.1203292026751064	1.1223941356491578	0.9987125704795825
1.0453430454933865	1.0230182416930271	1.0365434042200758	1.0123215215117611	1.0159426423877804	1.0994178180876655	1.1376963045331745	1.02803283885992
1.0245587828153422	1.0435735909023598	1.0399351621850594	0.9965233378551265	0.999939103669481	1.0986491173534831	1.1495499412487182	1.0137892672163915
0.892998150288678	0.9226117055214127	0.9052334181723933	0.941073430548546	0.9353270520022998	0.9664483715779429	0.9759336450261137	0.886740355641471
1.019172213773598	1.0183808203144031	1.0045121547093954	1.0037198913435363	1.0007578912363018	1.0977345167171753	1.1178158903997493	1.0089051069071655
1.0129968080211507	1.0095229723628358	1.0135090287077795	0.9999866828613103	0.9772673919951298	1.076933702401944	1.129400321435728	0.995921069123664
0.9350893614681943	0.9392587788891896	0.9700016743188632	0.9671537006701779	0.9556354034955813	1.0169720486010931	0.9992372105941515	0.9490629910792248
0.9273954440128402	0.9033240523122283	0.8965281910468982	0.9217163275748349	0.9196880593205061	1.0017994791758742	1.026892999505548	0.9110105339581823
0.9334416657371046	0.9388939088000563	0.919218241151465	0.9640159753794435	0.9347031760854713	0.9849150566283396	0.9845087043703508	0.9284855251109938
0.953352680113185	0.939402928625947	0.9434124712768249	0.9386498567699032	0.9602524029002855	1.0509273593423474	1.0658877088144154	0.9735081503482129
1.024151261694444	1.0137058053330301	1.0100271402813612	0.9786539056162937	0.9783082480551333	1.0838845824664174	1.0990365241120428	0.9851653669355933
0.9568003086732607	0.9429866687946187	0.9529345314293014	0.9439576143358053	0.9526979767282289	1.0620593028409049	1.0679808377117737	0.9456008673407655
1.005767721411626	0.9953310669013511	0.9862868898190449	0.9953700235729206	0.9825670536950845	1.0663591701391204	1.0865656857079107	0.9857067665560425
0.9301959809784498	0.9224621679322594	0.9043653067590348	0.9214778296505443	0.9366715485554042	0.9670950788258198	0.9690047002550494	0.9158929581495342
0.9794448233923244	0.97036122851936	0.9837700992553705	0.959309196245494	0.9401465737469659	1.051470085923756	1.0701990715596872	0.9612131413760381
1.0165182332484672	0.9944279448603603	1.0117724183426728	0.979950251785936	0.972066590656228	1.0589001027341907	1.072658232606725	1.0100643935550895
1.008123545474126	0.9985409603732525	1.002672212015276	1.0137069255496394	1.006435130699437	1.1135718585734538	1.1525626909241964	1.010412345406611
0.9639188587346303	0.9629903874691988	0.9696042203543936	0.9738220908295296	0.9702513210750345	1.056053909493987	1.078550689774384	0.9750320728432619
0.9746496745167699	0.9537173900053433	0.9647798825961023	0.9566107114857488	0.9669099752998737	1.0335297566471755	1.048197174405771	0.957242943001124
1.012736572496691	1.026951991792211	1.014214722451854	0.9739496140745929	0.9789757915903289	1.1020220203426914	1.1198839116778982	0.9873499224081754
0.9997193017070578	1.006861911950462	0.9995332735710799	0.9888128632005464	0.9691610640996823	1.090405288789332	1.1280804721640523	0.9845977762721753
0.8613110420086213	0.8498263318137173	0.7908529907832444	0.8456397824861873	0.8002989994481159	0.8857376891215095	0.8890027025994661	0.8020726917044102
1.034879077499019	1.0230161430012226	1.02260116225699	1.0032364828608924	1.0012236878850862	1.1034660087797727	1.130179841608518	1.0066207110721368
0.9768425251650087	0.9906771131514178	0.9958117892524766	0.9750270976237304	0.96234108518762	1.0383436247784588	1.041067327959824	0.961867760230115
0.9551006688400746	0.959772950988127	0.971670566295101	0.9563512939414789	0.9652414114941906	1.048361716794497	1.0384329992948387	0.9559282777809094
0.9923195939730886	1.000805007410772	0.9935558341660247	0.9792062737824383	0.9713347626797063	1.0840255083111363	1.0999067288287103	0.9880580368467299
1.031802738562022	1.0284442775440579	1.0227421032093702	1.01462199096621	1.006083574290112	1.143078837583727	1.175350907189073	1.0153548258777245
0.9432169068010524	0.9395918027395184	0.9410141377007654	0.95219090774037	0.9506658065616521	1.013150902991098	0.9975077979248611	0.9517739228864257
0.976687979110476	1.0012441068377431	0.9779651837760316	0.9690722148024823	0.9686254085345899	1.0628344880753595	1.099870464768177	0.9710192592527472
1.0042749060514073	0.992427417795783	0.9928705961092893	0.9886899347605466	0.9637617697255307	1.0457127267975783	1.0863798306391532	0.9956443401815424
0.7796949876486886	0.7604072088937754	0.8962830368601108	0.7919738672173127	0.9181917495753527	0.9402399626474099	1.0807327514164327	0.8613485305719171
0.9534736782081157	0.9738753665243723	0.9806734684662125	0.9860245003982688	0.9782719069446771	1.088067563844953	1.1396497392242926	0.9830069288251658
1.0087455903066758	1.0109916450017378	0.9977456596795622	0.9833571789191121	0.9734773768376317	1.1042521761898074	1.13322576424655	0.9822285381342577
0.9953690062709968	1.0065786278639302	1.003769273271977	0.990495288456666	0.9859030352458469	1.0667366432606626	1.0833792436302596	0.9859864731769398
0.9964974662889542	1.018010052261461	0.9899377065523756	0.9841957645383946	1.0283644613483307	1.1477990588356464	1.1875382945670867	1.0228254703842976
0.9465064974824386	0.9506791442788632	0.9538553867981034	0.9547670831716865	0.9657000258101501	1.0328811564833387	1.0276595901725945	0.9623443888997657
0.9425987813709392	0.9379111984433203	0.9608825836650599	0.9640187110458203	0.9374079188915136	1.002580690496556	0.9724607233673833	0.917257450868642
1.02381263163077	0.9895657866259555	1.0251811845196928	0.9993046174198993	0.9812164335825243	1.0648791448421226	1.0839298172589176	1.0022372329376326
1.0144424995319794	1.0054337191964675	1.0253165235090071	0.9823035532074769	0.9875201560296877	1.0868758874463311	1.1142176206413044	1.0095595232185863
1.0305204493894404	1.0127307934683523	1.00826780014761	1.0005062691775548	1.0128219471181248	1.0945754411228645	1.1299137385165274	1.0079072025752605
0.42789228181636024	0.45624866323239976	0.4298303956527375	0.5783427950058405	0.43143772258567503	0.45883017695186235	0.4739370999473844	0.5098662960936168
0.9652882581457085	0.9916468981107756	0.981872030494946	0.9805951451014109	0.9691886569504858	1.0674326046510771	1.0832421676868613	0.962734607778979
0.998981851246855	0.9839168368245396	0.9981700119115731	1.002396193530009	0.9696765952736675	1.070014007573429	1.0950756923663423	0.9958665025398876
1.0197934365658103	1.043259356866356	1.0117397617828572	0.9896748668991302	0.9752988061886823	1.0944051675150057	1.1201478908254037	1.0071019734857798
1.0378320910339747	1.0309106753759982	1.0323785709855886	1.025570980458867	0.9971804019318571	1.1111561236582854	1.1630665567887326	1.0233524580121702
1.0147208550284783	1.012676183032732	1.0113066089851597	1.0000685184825002	0.9965802255754801	1.122011409635819	1.13304895967698	1.0121027518437247
0.9956075001711711	0.9931145132995074	1.001719394863166	0.9922323470739828	0.9697038084404471	1.0734314004979881	1.0905928816611539	0.9843602117055545
1.0141663378120551	1.01534453489017	1.0105539210220467	0.9868819605266713	0.9985265913614114	1.1006245813524995	1.104968071504536	1.0067793378792314
1.0258873457879745	1.0239710111629936	1.0266034697800877	0.9982857186984352	0.9900775114469088	1.0982501728113725	1.110646877600445	0.998701604606215
1.0074976745956472	1.0183810422648072	1.047879493760121	1.0151669632155618	0.988704182434246	1.0967586589495255	1.1424049260896378	1.0034062120039955
0.9494838344108513	0.9483747678425284	0.9630439390752726	0.9741107524830478	0.9532972960103644	1.0117236274722001	1.019596518768738	0.9260811008955785
0.7664107719245945	0.7690647834216672	0.76739410111723	0.8221266818154379	0.8306783350477349	0.8405497090299223	0.8402185734939035	0.809682737527659
1.0113574267453456	0.9842274086131423	0.9954479697626711	0.9902658923005457	0.9677291892550631	1.062182146533446	1.069158844467574	0.9687914663032762
1.0138008740955922	0.9941384550677161	1.011852964278142	0.982455062404497	0.9770136878302901	1.0649060325736301	1.068871542226786	0.9752007077431345
0.9945733454319556	0.9738040011370165	0.9787353189859976	0.9846088070674329	0.9761208361115637	1.0438398973634155	1.0734473146698014	0.9895858903815267
0.9518602453330255	0.9391013414892514	0.9450174162866383	0.9657486355346908	0.9357219974067031	1.0085653951568598	0.9946418241923756	0.9592836728963019
1.0122317294384824	0.9923053760454974	1.0001057233069164	0.977531162312227	0.9931174647877827	1.0784350661811704	1.1065131250351634	1.0000559187668225
0.9838480308429179	0.9668432200644804	0.9714753161788414	0.9867010522173115	0.9795568799884259	1.079791685662118	1.1070442134226564	0.9855997095838772
0.9373433600698161	0.9356749153754336	0.9348953596923498	0.924489476216675	0.9492712235649494	1.0372779681709752	1.067269536158326	0.9521331868731078
1.0637529261577694	1.053695657565909	1.073984053079469	1.0418393104514039	1.0153910359209595	1.1335378222474672	1.1684074918915182	1.038951763264681
0.9714274212586318	0.9563835013380292	0.9793297943896321	0.9610300680277275	0.9565801982112463	1.028028834021489	1.039082561064859	0.943412680908869
0.9589427864113698	0.9441947924059169	0.9387309542797394	0.9355823965726114	0.9659064415592019	1.0229200130439509	1.0747987165817297	0.9700508838579318
0.9962759086355769	1.0048564183963524	1.0065082162074912	1.0040944607874893	0.9951734102869797	1.07253063399944	1.127049441242877	0.9957874558958784
0.94845004947762	0.9386567502467973	0.9391576719091667	0.9593986831965017	0.9699564271738874	1.0548770083704673	1.0428152923558165	0.9516909734968152
0.9927988544365546	0.9965697109153099	0.9958029204666803	0.9988365181321467	0.9776116170274086	1.0693999760105344	1.0758308023962069	0.9805553267314414
0.9630487344848059	0.9516047941749868	0.9638972079417197	0.9695357032640417	0.9644083648470605	1.0437062141348612	1.0576989205008738	0.9638058899713874
0.8954321390764632	0.9067230745983836	0.9343931795252908	0.9626430245844737	0.9517323329674866	0.9909634357929636	0.9759687263460117	0.9113332148268314
0.9773447383841366	0.9705133607257321	0.9738812282941818	0.9558883810728129	0.9677696354336682	1.0426908672306783	1.0661961363070056	0.9556207822379379
1.0214612203437723	1.0273076556908423	1.0066596869924194	0.9876145099657672	0.9933247249889157	1.1026005218286903	1.1179682691819515	0.9989809388144202
0.9476207679568117	0.9610705886347153	0.9730862462737899	0.966306444031879	0.9627880718210906	1.0540002479247172	1.0719483199275628	0.9526581401708148
1.0189206253862777	1.0127210798270827	1.010997452797479	0.9982233642039864	0.985087072869133	1.1176532941226183	1.1164523987231587	1.004604612409144
1.0214494339900564	1.020292378418469	1.0388467871791611	1.0180382741711236	1.0131537844324578	1.1313217620490208	1.1705344024889182	1.0344266025067737
0.9337197552673698	0.9364465783210041	0.943002247309907	0.966958843963402	0.9259182953887194	0.9899274912072931	0.9801285788681859	0.9362021063302391
1.028861965750356	1.0250698690647562	1.0302762620926773	1.009664048617198	0.9921167543428575	1.0920928512483856	1.100178492832325	0.9880083177516313
0.9981214412109531	0.961147430994592	0.9769641053940948	0.9832251573837322	0.9764603070039338	1.0238174154602147	1.04091267632668	0.9634489365814068
0.9742747799238985	0.9634021253958991	0.9658849456047797	0.9548358387478761	0.955162365964454	1.0103357118990401	1.0064845675363003	0.9349901521490059
0.9745263811239586	0.944083275247804	0.9398830367043294	0.9661352155151385	0.9494750909733887	1.0025433685632879	1.009047489223534	0.9331472605862262
0.9847489396164932	0.9851835108939943	0.9985755624088362	0.9769858413952563	0.9692623436567019	1.0770184642135021	1.0782283325323683	0.9739965314898452
0.9251970933958583	0.8843998205914749	0.9160220565403808	0.9344469753520288	0.9285003781505176	0.9751922429351294	0.9510736193042932	0.9089428990516135
0.9546678679815305	0.9313894448320772	0.9237233049281105	0.9384861375315547	0.9305419690355465	1.0011473669261004	1.0522489244383066	0.9581027285707472
1.0148867895924933	1.0000137994645466	0.9898929066908024	0.9807349781773538	0.9745480418150125	1.0922800398426702	1.1237761366329841	0.970756112901281
0.9937257987046174	0.984700598804562	0.989060710544207	0.9804496057079339	0.9856694895823768	1.0541532111046732	1.076483201570777	0.994983270803257
0.9518670147605698	0.9455524222804172	0.9641439154214287	0.9706087184940415	0.9548560990128812	1.0486786940498716	1.0725959822278033	0.9503557473631831
0.962859686187319	0.9309126422601658	0.9402019381291541	0.9554835768042994	0.9632180091659579	1.003806914033147	1.0212228566988792	0.9508905631357629
1.0177697316744467	1.0326840340849655	0.9965277544194432	0.9876440354447245	0.9876008705945475	1.1054946846395535	1.1161111863084456	0.9917848392416176
0.9864013187705164	0.9713033159576401	0.9768252927564298	0.9676292142900114	0.9971929987632092	1.0613889498792772	1.0540894956078772	0.959447736100292
1.029514585358789	1.0128563667854842	1.0237050678823743	0.9971569239256016	0.9886324552561216	1.087584831485159	1.1041544296888677	0.9835386409814625
0.970685160887167	0.9551045406854699	0.9826607239927964	0.9658644199525714	0.9632396022765354	1.046010143716031	1.0641850145473233	0.9632164135655464
0.9808580766233318	0.98986918312844	0.983731583182144	0.975436952302444	0.9716346026972876	1.0450573628905915	1.0699034547153774	0.9631667046338093
0.8980705821749023	0.8851488812670502	0.8929494424073957	0.9206371248838886	0.9257020634715037	0.9602920889296138	0.9508505315873789	0.9027692187280412
0.9691302377223497	0.9445487021481191	0.9543139462661608	0.9530322524633223	0.9744357784467592	1.0398231615072426	1.0577205988271552	0.9502944924275463
0.9797677915718845	0.965285461909484	0.9756425507773059	0.9800248242733852	0.9801116696915305	1.0616574144100912	1.087537337953364	0.9705296584742985
0.9716755961435889	0.9513783081878309	0.9708036306825343	0.9589449856751601	0.9421232438994525	1.0320296019046624	1.0200022504839792	0.9470667624613348
0.891978379588808	0.875777944509306	0.9029218940427836	0.9258290876110147	0.9094280582699695	0.9628041291388526	0.9267870466852653	0.8793347241895769
0.9538145772553944	0.9574617950882796	0.9595293156519132	0.9712806639624051	0.9446247482545764	1.008913524534471	1.0214555491924928	0.9555052992865974
0.9743060425826703	0.9896421585076621	0.9788460679865987	0.9784228681955233	0.9796007134878482	1.0616679224381262	1.0877448634524514	0.9840652155055162
1.055006548457553	1.0393869499142065	1.0496146462122344	1.030674717021197	1.0305639777009366	1.1470071536933066	1.1944906042745942	1.044622228752059
1.0322463884720323	1.0253424115071765	1.0254970258427674	0.9948130802939715	0.9869490559168956	1.0682640561817491	1.1079623121827191	0.9856742114872479
0.9809777304645301	0.9834971180325303	0.9794562866522915	0.980454760130634	0.9709851923123758	1.055294804301348	1.075431722951465	0.9702255030145693
0.9867977444098082	0.967756881450678	0.9621000632507588	0.9695847803996568	0.9552929269980645	1.0265059603305329	1.0381167957797561	0.9703247863823913
1.052984230498478	1.0582549882736445	1.0497212836465926	1.0204372763255083	1.003797376450012	1.1213756717313292	1.1520841392454415	1.0247869652190318
0.973716120717586	0.9965906573627856	0.9827380193291525	0.968007425569731	0.9833740341290209	1.0498252302591837	1.0658046083808848	0.9741044207200996
1.0091582252544282	1.004390227028745	1.0135451707505283	1.0060200015345953	0.9703786498393153	1.075359887026353	1.0954334051919747	0.9853789651061485
1.0321812371746997	1.0281014566328983	1.0183209361720205	0.9871946206008709	0.9944558040483366	1.1140425861959797	1.1422199633229897	1.0107757205695231
0.9582744753107085	0.9642194647535738	0.9641343696645714	0.9464712321896804	0.9548707785757832	1.061210370814248	1.0708114757528508	0.9560499769290737
0.9785160840582136	0.9885281237554759	0.9882194685574014	0.9747736339988903	0.9670589768877362	1.0298493649169433	1.0320468818790358	0.9722383373693542
0.955380439385989	0.950773019067982	0.970028676668201	0.9631858100340542	0.9637999639551321	1.0239094422473796	1.0459255757129633	0.9628899525586694
0.9879370525203345	0.9894094924101113	1.000172322277476	0.9854184062130112	0.9911267603084832	1.060788496580765	1.0774376902050815	0.9780082065922291
0.6698695603771472	0.6819888185810935	0.7037463227678828	0.852602178747691	0.7240079327246863	0.7785517210857908	0.7844885429033129	0.8125879673474814
1.0318165337979215	1.0380283184500882	1.0141763063544413	0.9930663895502005	0.9792463777117004	1.1021375854902995	1.1151888355703468	0.9946687602278563
1.026794900525022	1.0278819705756546	1.0250632079593525	1.0048291141806172	1.0024091694498252	1.0951197112415985	1.1048458626093918	0.9930391912516652
0.9669756967296024	0.9533035450849229	0.9691976309846131	0.9598140584770369	0.9478798591147232	1.0406650933526649	1.0524550591414046	0.9322915637300415
1.0461369040680808	1.0404717462347755	1.022818178734628	1.0136297542209445	1.0033073205876002	1.1020584192568432	1.1249859955803578	1.0073371636403659
1.0114455806662825	0.9947348637361999	1.0016205721404106	0.9973904870915042	0.9830602451570214	1.0791201209767585	1.0972114333809515	0.9899865296965455
1.0053455274009213	1.0186802206890586	0.9937597426507301	0.9868719765920375	0.98356951786223	1.0959629044738437	1.1174409419886877	0.9748023816534757
0.9237771238001374	0.9348789450751539	0.911868508400344	0.9202411830906884	0.9190336277962247	0.9869027814699641	0.9592702602877062	0.9011256079227838
0.9995158091086032	1.0083867478177972	1.005053975595876	0.9890766281134256	0.9882110110234794	1.0411694154475164	1.07427568099196	0.9862105024402814
0.6703367840155124	0.6649442255247776	0.6959796935397277	0.931757703885593	0.6552572875803051	0.7153176694770211	0.7100284115912202	0.8704718507637741
0.9740400074555894	0.9552972240338878	0.9648810368404004	0.9749235851323969	0.9728848178386222	1.0840725352861977	1.0707899664471472	0.9929592387093091
0.7415954339850818	0.747586858802379	0.7416607763764111	0.8105078235798906	0.8966307106504923	0.8478902779954189	0.8662636336921222	0.7815262234601144
0.8686516496079267	0.8982557650242735	0.8805107347013199	0.9221194860850123	0.9429644924887769	0.9532741722110716	0.9495244770036649	0.89951821238027
0.7436373967461475	0.7514883077405182	0.7388224871742417	0.7801463975678984	0.7862211041044271	0.8410048932838883	0.8603326060225523	0.8068925628684886
0.9269838572014755	0.9274318333856013	0.9278027025627182	0.9490788249782122	0.9292420684966524	1.0100454706059	1.0054589982028492	0.9089714528446946
0.9536040224625473	0.9476163707946668	0.9610393891483551	0.9700251838761398	0.9613929165936956	1.0298060788263446	1.0320576895917202	0.9559932546409129
0.7166447229926796	0.6947141736238509	0.7216878289254326	0.8424987552611478	0.7295824349953087	0.7962935599450498	0.8455837511584265	0.8064592671320879
0.9490065701318992	0.9413463059734807	0.9415308225256744	0.9395604807085066	0.921915648086041	0.9796191943446314	0.9963194694067271	0.9297397823339947
1.0331009767725121	1.0174409698451758	1.0103857051703276	1.00473463948892	1.0006383584091618	1.093930203969164	1.1071457731836782	1.0035281866355596
1.015610354216917	1.025041256592921	1.0182109728764193	1.0028174848442013	1.0033238726598162	1.1088109098056516	1.1380170631296964	1.0050792040779415
0.9879817979255561	0.9901705222409962	0.9565851498326786	0.9540179765791027	0.9722823958959034	1.0562802171751375	1.0780319412254122	0.9577161190376127
0.9496531056024915	0.9285106839477343	0.9487911550571058	0.9525114055089604	0.9340296957196845	0.9914715253002301	1.001074342447541	0.9168223926678385
1.0115019869842796	0.9742146141796638	1.0029878713735783	1.0018152384650283	0.98824910684006	1.094214715487791	1.124731936142638	1.0009701114626655
0.9974693155795623	0.998796573426459	0.9827447109871021	1.0060574690241226	0.9810427082235108	1.05834639842624	1.0900591738551038	0.9953455168298171
0.9440608285435357	0.9695607876397572	0.9497694714465895	0.9596627931323632	0.963422917599802	1.0459308453103655	1.1022598357345088	0.9797795469407339
0.9480470663687389	0.9402176207182733	0.9554074526331376	0.9537217971711474	0.943275963698522	1.0155514590645476	1.0066458066795867	0.9448279485774925
0.8678121326708822	0.8637421672138413	0.866886128996332	0.9054778836062043	0.9173384360202986	0.9514435509888761	0.9345995561875978	0.8955929552114656
0.9778801948559972	0.9766983310751415	0.9665474591226153	0.9688712938166192	0.9655335186603168	1.009446412084792	1.0314539605132584	0.9497221027423235
1.0243236978215613	1.0193076470670006	1.029698353412939	1.004772850841314	0.9875493653037093	1.063731935348302	1.0767764692704669	1.0047160403022364
1.0064972587644447	0.9926058372371981	0.9992933575374983	0.9969600933111233	0.9769806143082049	1.0631947345679273	1.0891758404101086	0.987363834444708
1.0222401158789558	1.0198555280915158	1.0132431536433828	0.992886072668123	0.9940302123088116	1.0790155333992697	1.106471716885003	0.9973225531667953
1.0047355684680248	1.0130744275867758	1.0193096767270156	0.9839610967934967	0.9743821762468058	1.1028139089972264	1.120704807732289	0.9966078729969319
0.9975560281304426	0.9852497668435327	0.9797775777729437	0.9977720218926609	0.9769714187279183	1.0632822038024095	1.102651260500164	0.9872220750782098
1.0393185055101084	1.0321557122590599	1.0284106718087156	1.012892746003682	1.0057515546611817	1.091267408842961	1.1365075961288875	1.0126190865451048
1.0004084624900296	1.0356155178645938	0.999098945129145	0.9710106646337225	0.9957177976734137	1.077251984405192	1.0965327266346627	0.9945739650864541
1.0319713118062566	1.0360224544554124	0.997048934973866	0.9849134047740273	0.9907991391954521	1.1122852820251832	1.1334361149747445	0.9985149257751895
0.9534597983475087	0.9418513741541337	0.9553359031231494	0.9630624621550962	0.9664943040966016	1.0250836539304011	1.0345144712525236	0.9483723390833051
1.0209279142390228	1.0408975088527581	1.025466622534902	0.9964760746672939	1.0027734169238316	1.089770670198578	1.1252084850031274	1.000860925436494
1.0372645820875848	1.0351326704660362	1.0229491971260238	1.0121412695370842	1.0090959090051552	1.1285139936548394	1.1594590319980844	1.0079066970963368
1.0050044723627223	1.0182972163158557	1.0070521073368275	0.9833280142804375	1.0005740879556204	1.1025609607394686	1.1201406917359755	0.9979601363483362
0.9889992865622009	0.9784583869351036	0.9801984236009287	0.9853542616600447	0.9796695383777855	1.0735192164555603	1.0909564063484576	0.9775082856037636
1.0183870663242283	1.005082099406219	1.002789264932642	0.9998902913315654	0.9943982417081871	1.0550288307852287	1.0744273726458966	1.0041274753658744
1.0516929762654756	1.046678069169269	1.0353463433822712	1.0043869788070614	1.0008010096190032	1.1186895174818605	1.149322098380584	1.00940063790145
0.9885718808928762	0.9654249022952899	0.9609708725471002	0.9857492376545572	0.9615178376496923	1.02954086850248	1.0411245082549492	0.9591838123291139
1.0408619248319793	1.0307784703555212	1.0215269748483873	1.0081650848453105	0.9984295568728127	1.0998548752661532	1.1126790910695201	1.0186620943197808
0.9261452048609808	0.9109074102453234	0.9254581833395903	0.9222259170870638	0.9259233327260453	1.0028353424200962	0.9900912195452608	0.9269999789569823
0.9881945561573204	0.9818338119948079	0.9966104153065817	0.9862924730685575	0.9876315320418959	1.044461582305278	1.0617356568365839	0.9653900832798469
0.9941050545254877	0.9811170489932666	0.9768972432492458	0.9742592674184226	0.9740957135028383	1.0378435953260883	1.0529842045356002	0.9636441890215894
0.9885411133497273	0.981943594833229	0.9786374239585159	0.981398727381975	0.9639741407045045	1.0502416878643936	1.08717123676204	0.9761627368815633
0.992834465391211	0.9789694391160715	0.9843201699286402	0.9746948653073577	0.9593760503064402	1.0300599643289152	1.028888635859668	0.9543932163785346
0.9478306270672251	0.9401072356273986	0.9493059109385233	0.9464350518228275	0.9403200577017421	1.0248393246961325	1.0402583011419577	0.9812778772752705
0.9844888230703391	0.9803161124380861	0.9672236890181453	0.97419603315228	0.9842143758472055	1.0727577338306378	1.0945807951374218	0.9787522535965284
0.9366591655904702	0.9407730180535467	0.9482090041240212	0.966676591687179	0.9679082287379591	1.02172022808028	0.984105192535717	0.9501310443430656
0.984355481703966	0.973106095567672	0.9937001142918898	0.9856518348100594	0.966014432668605	1.0527551360680407	1.0699954447579085	0.9587461109703568
0.9718926907221417	0.952418167236548	0.9573031343702894	0.9733218378568719	0.9657489083838441	1.0505720295220395	1.03976184658118	0.9753023183765247
0.9729929027698785	0.9801015766569485	0.975636633192585	0.9690928711227167	0.9561607539610362	1.0322243269716267	1.0355977415170856	0.9612923760133917
0.9845484801939074	0.8984001089422857	1.028690223155489	1.010895159448451	0.9960506838378997	1.136707762717317	1.1256866763644056	1.0314353961313532
0.990435239984405	0.971269223941657	0.9948556915316136	0.9611010071785798	0.9688376783424117	1.049193333047834	1.082205484956338	0.9721055694909154
1.0251644229702779	1.0367261340631193	1.0208663920162986	0.9953434540246556	1.0031336123633312	1.0978127230345236	1.125373331391791	1.0128344534565594
0.9888909788430373	0.9680515130696599	0.9642040128516306	0.9701855366364797	0.9571323540210763	1.0324236884940123	1.0588387648970896	0.9586898883151589
0.935239187213743	0.9459321879680589	0.9519497399760742	0.9522163898280891	0.9574131014863762	1.0245520674758015	1.0311096984000279	0.9406754698445374
0.8691316731983106	0.8823810376358585	0.8811010920588952	0.9318771269382216	0.8959283029106646	0.9969399211547264	0.9835151543543449	0.9171014496023054
0.9761350428640007	0.9746151049669228	0.9827683857602652	0.9717393665459084	0.951746008574758	1.0235592255172647	1.0365726359290794	0.9445269247431011
1.0114524699072682	0.9916100782375239	0.9851224458186978	0.9927600202648437	0.9718433396414583	1.0675645413091421	1.0872775508005776	0.976579280587921
0.9622461216834396	0.9591004760298073	0.95298482236679	0.9674440807828848	0.9619411442757166	1.0229370303752012	1.0648425602308818	0.963731936408692
0.7594310426581169	0.7558471862495562	0.7162499010651137	0.777787228484727	0.7723004454634875	0.7994478551463012	0.803272732257249	0.7557361308594912
1.0172089697351496	1.0044414013466303	1.0073318763580286	0.9991272502694407	0.9913938965925104	1.0819815402127977	1.0945469862902317	0.9952857722008769
1.0431570093266078	1.049732051762664	1.0405673258126464	1.005707127797443	0.9907812173860315	1.0990569760625668	1.13632422944758	1.003870021613825
0.9030486787568837	0.8722127005106212	0.9228551237178177	0.9541513115607034	0.9787745557202473	1.0842196222313425	1.0978684897662696	0.9361498130637014
1.0267874051435522	1.0385919341624805	1.027511500017899	0.9853175854589312	0.9944306092824472	1.1010202120995518	1.1438240672840028	1.0248732858722396
1.0034497810725378	1.0128150113598273	1.003885960492339	0.9810216646903535	0.9842879502703573	1.1018373715002108	1.1066428576133682	0.981946310437648
1.0076602411334792	0.9912740146205916	1.0126670801512547	0.9845560167116971	0.9728617428827607	1.0677201302463357	1.0855088294942705	1.0051962805977188
1.011755583591096	1.0334832390428472	1.0168405284345576	0.9922740753471997	0.9813619610435387	1.0965101864384355	1.1181346451852652	0.9942331871286804
1.031301779312095	1.0154985730887571	1.0068225251644565	0.9951014642654058	0.9922528275087452	1.096934696619119	1.1181559317929122	1.0076838144855091
0.984414406543876	0.9819111584619324	0.9787080257377264	0.963378667253743	0.9573066916506032	1.054774108591963	1.0663860305349488	0.9486090703137082
0.9485044530323269	0.9360318031990772	0.9515897826473563	0.9357470774689081	0.9470963061474525	1.0243298508543306	1.012148739537992	0.9395110321508193
0.9826667486570677	0.9668930326972306	0.9759800565083139	0.9549201985762861	0.9641341420957265	1.0356099049369503	1.0418384607584938	0.948393149476914
0.9973338725216158	0.9806907734219643	0.9752513764109755	0.9784174422529077	0.9818779138851984	1.046510773482873	1.0544068773439508	0.9681256047911674
0.9665307730323588	0.9483085974286289	0.9554101990635858	0.9899312499048477	0.9646049863457136	1.0411776067096457	1.0472584736954238	0.9629133263693216
0.9542311410256306	0.9625989246951452	0.9573639190454294	0.9473739164784161	0.9557247062806246	1.043434589513246	1.0444159347498478	0.9575723575799179
1.0436414998803893	1.02195727401539	1.0213494566275834	1.0129443190554877	1.018505308518636	1.1159074248043181	1.1423113471435011	1.0151433260223228
0.9887172375211309	0.982434329498677	0.9867311991033522	0.9745705333569886	0.9828935774949826	1.089296823487719	1.1106901500841504	1.0034585798905336
0.9996526520960022	0.9898053541078352	1.007554840872248	0.9838520745211407	0.982788100704627	1.0639880720872414	1.077800590876719	0.9713917084274153
0.9733650453328737	0.943156801196739	0.9610917646862085	0.9791258265542186	0.945092816259739	1.0180769314632667	1.0425688849588837	0.957018377550467
0.9901512782906116	0.9950673731133265	0.9945659516601937	0.9663476180647056	0.9764223776612104	1.0634420271556484	1.0885977050025022	0.9686461243251844
0.999354895563334	1.0130954282523439	1.0034124199398156	0.9869830043580762	0.9861249011645746	1.082794106516567	1.11396390705276	0.9860458519548823
0.9720551384046576	0.9618701797491968	0.9614882154621782	0.961298802349525	0.9628728781481953	1.0544171686800559	1.0417740056570626	0.9577120447093757
0.9778648881459503	0.9844600247480007	0.9737714697204624	0.9631890834628428	0.9747142121619513	1.0721231987406332	1.0830995021019936	0.9730598669781162
1.0106920854741346	1.0201837732023502	1.0191601257209004	0.9801601871682298	0.9839900084229639	1.1069793118418736	1.1396017913289265	1.0109880566576626
1.0322365511794203	1.032918945535118	1.0210267118476466	1.0080823457956125	1.0034204675028333	1.1054574026978266	1.1304001211526518	1.0084716003570942
0.8257008458057229	0.8994251704508116	0.7807773392168891	0.8185126483660154	0.8377925993856802	0.8171956747136347	0.8822658867821621	0.7628538541515018
0.9290611686858561	0.9254075436124678	0.9496362517632337	0.9357053797649599	0.9148508320435318	0.9724584611831822	0.9775163260735406	0.9270675343529658
1.009329420184614	1.0196719241760654	1.0184657396786427	0.9906838963645747	1.001899314508755	1.0856790560938645	1.1189680409740228	1.005996287463025
1.0323274537625093	1.0158609621975265	1.0168699937653283	1.0007971937226272	1.003647338491626	1.088633341729313	1.1078512031852363	1.0045990754039278
0.9591782513528755	0.9360606474684715	0.9438668070094274	0.9800251656450446	0.9125034194736473	1.01657398245931	1.042731808707999	0.9332815671954243
0.9186017051629339	0.9291761154392019	0.9123450418089671	0.9884819749452821	0.8623690657023279	0.974554639541976	1.0278875536880487	0.9266007839936498
0.9612747910387043	0.9479552138878433	0.9477811857872728	0.9809602365143865	0.9520158654151539	1.0400798069712078	1.0739068334467174	0.963302737782643
1.0377808572314176	1.0345912302378673	1.022046993645978	1.0008263747326214	1.004475366414833	1.1212670230602064	1.1343636913611002	1.0151273114508146
0.9931432017201604	0.9805471749995768	0.9897227105536469	0.9864823880371992	0.9696749188086922	1.0618218480868795	1.059745586572289	0.983518710141136
1.0155372569991032	1.0252837725670403	1.026345608159978	1.0174188527791956	0.9958923504336167	1.1078192218464704	1.1612512684961964	1.0193348143590553
0.9127595564240277	0.9359629315952557	0.9172680453165406	0.9116274868974097	0.9522648120326368	1.0309556829536737	1.0327130200581176	0.9318561585146236
1.0491504723553837	1.05417313765496	1.0316859564223433	1.0222246334695404	0.9937411213093204	1.135829328156575	1.1626365325233725	1.010983389563655
0.9494886172579216	0.9283121231177897	0.944213598356624	0.9547751310424207	0.9252999173744689	0.9913555937502522	0.9901760354350015	0.9353579659091039
1.0339863918673964	1.0219539009414158	1.0327013421288964	1.0053408148666747	1.0094102349812029	1.0976789421446576	1.115798637152333	1.0043142018315359
1.0413636033485936	1.0362437625226006	1.0275957727855154	1.0008141210613097	1.0009554468934458	1.1039910703532467	1.1482513654969098	1.0128330430416927
0.9577362862666136	0.9599523524255281	0.9535144402796117	0.9805975726846977	0.9344801800464624	1.024045412760596	1.0731941552393924	0.9570877100366877
0.9833748440240667	0.9715175800442206	0.9674655685330698	0.9741047147998585	0.9690144825226478	1.0306606762359996	1.0587591989167149	0.9725284238152271
0.7899222361477893	0.7770133132353394	0.8025789771366215	0.8711203895293564	0.9171695414305194	0.8669824532401081	0.9192322680184168	0.7985329591927688
0.9738225614659635	0.9672765596809422	0.9693754779001247	0.9486009514404269	0.9532197082333042	1.0480079168362086	1.049696746912593	0.9460279207965572
1.0003879729784226	0.9917739935340976	0.9936193566835148	0.9784224077706994	0.9822912811175645	1.0625113964645263	1.0760335291470156	1.0081021674090316
1.0425908373990636	1.057077800176435	1.0337553483082789	1.03534780983252	1.0056499357749218	1.1445662300617507	1.1621887980254064	1.0336665232017297
1.023672179561043	1.0220745304484833	1.0103089732979973	1.0087648718851165	0.9974499172794253	1.1055004058468065	1.10861085697861	0.9981467931433977
0.9921219208403079	0.9856347117919088	0.9917200502724222	0.9858214614102812	0.9868705079215997	1.0791615038892652	1.0779608493804222	0.9971216542845939
0.2991737608361861	0.3117543696432377	0.31134542323039033	0.5087554715580875	0.304921433744297	0.3322907572558736	0.339259721058893	0.39269625779913436
0.9441780594135152	0.9480618964481815	0.9446255833562077	0.9627896962661076	0.931510096531785	0.9999515926037704	0.9905890708758595	0.9435631921497901
0.9938092213775774	0.9719662681143088	0.9866755614410385	0.9778166152848803	0.9803295359740543	1.0373796927290697	1.0710153111547156	0.9832642659558243
1.016801274689636	1.010310080306456	1.0016062268713684	0.9842790033033055	0.9925624694350519	1.0710638138052202	1.0946032664434349	0.9854324777567885
0.982006782586907	0.9863583082208469	0.9770396005703872	0.9813311191876412	0.9747359299444629	1.0491158404373209	1.0673869693824287	0.9770691127412816
0.9771099084409295	0.9885426113245797	0.9774704845128117	0.9903633713679072	0.9629912653253162	1.0456442337133145	1.0736784039539464	0.9701019251669065
1.0011288676065102	1.011172763127416	0.9976488974318726	0.9707330007181436	0.9814232089913502	1.081421133045805	1.110925270559558	0.951475481438911
0.8567032869398893	0.8160957102752846	0.8389171445796237	0.8627958647891001	0.8705555238647085	0.8865466730613009	0.8926492336242215	0.816748411541922
0.9909284887903989	0.9730616880288977	0.9874480345973576	0.9761455220662698	0.9573256695704471	1.0484025328714583	1.0690287448772342	0.9566732023177121
1.038984764629537	1.0339871892135406	1.0231432801635527	1.0065727695571935	1.015939365282971	1.1312351076546765	1.1562942306484854	1.0136174473443171
0.9806759736731573	0.9783510067547377	0.9962873644071529	0.9833362856050517	0.9727224891104591	1.050221433936569	1.0728084122511006	0.9715422037855339
0.9955970995961825	0.9856470728279678	0.9964542460832998	0.9718008363966513	0.9658980562746144	1.0428188068843556	1.07652672294403	0.9630870339931841
0.7738278442496789	0.7668466467920374	0.7557407138808088	0.7837402298960586	0.7426738619108044	0.8188074486523287	0.8158390780963177	0.7396317518312084
1.0105997554553172	1.028698846125306	1.0201727334432855	0.9889529077730946	0.9709861598130356	1.0947379468421683	1.1216855158190386	1.0048478094335604
0.981094193822095	0.9694974105980083	0.9887480893361145	0.9679312666275269	0.9813489278493933	1.0404791624960166	1.0641923100797397	0.9705728613042318
0.9590211894554901	0.9634632434645947	0.9658317152163537	0.9446537694827204	0.9614016923756958	1.0671538478802305	1.0828103147152546	0.967857444648014
0.9883514821591455	0.9811066823351361	0.9837638839592184	0.9705005242489848	0.9604023441513481	1.0574593282385447	1.0966046685106232	0.9525019621487364
1.0200989965723302	1.0330835864657355	1.0552859575128513	1.0069820523948705	1.001394831976191	1.0737202753211659	1.0976401813973018	1.011761946081081
0.9617297899617321	0.9477307102557858	0.9576207977471166	0.9801774772827352	0.9339366137531182	1.0073213519508266	1.0114118968974608	0.9548973501010796
0.7982386651939832	0.7835361498228852	0.807325422533649	0.8919102649847457	0.8479709740546735	0.8739868073282203	0.8449564182169621	0.8460241697214886
0.9546386104424446	0.9588836965370765	0.9442253630999676	0.9716825734149411	0.9620271821782892	1.0380019779406073	1.0519598323671417	0.953929979142486
0.9972139718224968	0.979771281064448	1.003277230818168	0.977370447978404	0.9703451725819581	1.0537955993758406	1.0730092295206022	0.9683655057902859
0.9406338700509443	0.9322640391894158	0.9248708760516691	0.9476729421420708	0.9289968855146066	1.0117330658468662	1.0207527981863158	0.9433361734800194
0.9541848605898541	0.9483304523031788	0.9542003410185397	0.9420889093846555	0.9291632194369451	1.036683068708417	1.027752799051393	0.9354249415726635
1.0416995679402752	1.0227471237801773	1.009400623943178	0.9952481811717351	0.9779103461716033	1.0902120763870424	1.1169573700624	0.9793510205914653
1.0557520458627432	1.0594235620194619	1.0379142394697012	1.008638105587572	1.0097554556330077	1.1021881256778405	1.1480377524520662	1.0282245204647709
1.032999894513203	1.0451067090393775	1.038407825490668	0.9939558397540939	1.0035137894021466	1.1113301725494453	1.1561216777406464	1.0306549991825424
0.9924141899118011	1.0084563894992398	0.9996907783906064	0.9734419164865719	0.9862112950668863	1.0811252461942105	1.1221287811242386	0.9956946957104809
1.0493081449078698	1.0407776102772792	1.0328337977735182	1.0245553566069017	1.0265609003017933	1.1468739403525265	1.1942970165823183	1.0292880194203298
1.0112021986345023	1.015068749150122	1.0143535580077738	0.9871472320639108	0.9876517309576088	1.0780772114165953	1.1102019396432705	0.9848686143837918
0.8924204953749632	0.8977346497728531	0.9209625778561223	0.9574003494289621	0.9370258510434228	0.9935252061288267	0.9872597879376908	0.9217729078021049
1.0070526534512028	1.0189827245383336	1.0012482100023183	0.9840429998770357	0.9902913237821729	1.0871302209859226	1.1043269180620408	0.9885867902938351
0.9462586311584541	0.94470002027252	0.9442018772071118	0.9356152307217244	0.94700792802278	1.0261136274680565	1.047492750691679	0.9486639653933816
0.9869239929184086	0.9845745419342348	0.9875503639070201	0.9824906183632076	0.9747752952251322	1.0589581644653143	1.097273591169513	0.9836989877205877
1.013363509327628	1.0060671153324552	1.008882884419275	0.99068003891348	0.9831135852415842	1.069251332607836	1.0874132786278115	0.9874330815131845
0.995826450868746	0.9736423891959242	0.9968208692496753	0.9688138141333433	0.9757286896175478	1.0550943462037432	1.0701388477906801	0.9620086307301068
0.9908877899246182	0.9783198386268807	1.0035810704183559	0.994979628021251	0.9793352270262564	1.049754238055238	1.0825702918777365	0.9830086146292711
0.9477625522883293	0.9183727308384135	0.9218581724714082	0.9439420131736068	0.952993767922426	0.9957408914477912	1.0159368582001687	0.9424322696726459
1.0027206742595023	1.002214095365304	1.0090206899310885	0.9736272398723537	0.9830057887469956	1.0706136297414386	1.0914937931451345	0.9720231229017875
0.9010830862011621	0.907187174314095	0.9720933697619784	0.9281218080607002	0.9502983720136191	1.0709260970029881	1.0617010768544903	0.9328126890581255
0.9846610339059464	0.9632959912714619	0.9813838258928274	0.9808211778556298	0.9474661260774861	1.0223117638180437	1.0335355043624999	0.9439848084250888
1.0048513032561837	0.9985915190648302	1.0035410731295753	0.9897105734814788	0.9814071489005867	1.066153904321731	1.0844266330536871	0.9795611729555385
0.9824216594989371	0.9674964770114725	0.9632733012924071	0.9652071143424766	0.9412088160256854	1.011877979837447	1.0727236441728056	0.9685386584287969
0.767148425827119	0.7440041607333986	0.7522806569695438	0.7919523744542387	0.7580838336525424	0.7860444464555227	0.8280952059699747	0.728456939778838
0.39423575002285594	0.36764985460781413	0.4349394140735366	0.5556297550799291	0.4435379304406455	0.4466169237358975	0.448872124630983	0.4974437822467315
0.9275711903586544	0.9119381540458238	0.9086424897612072	0.948503337708877	0.9435924299747313	1.0082448434257147	1.044673976678832	0.941770789800383
1.0058604440862446	0.9844564585166247	0.9916895594514503	0.9831500353642437	0.9830241673807427	1.0688729272767477	1.0838329293186884	0.9856478165336573
0.9845901648700105	0.9826755461181264	0.9846595593556814	0.9780334757790886	0.9970314145227249	1.0774849265487874	1.0963018899453019	0.9795655845247633
0.9903218559292885	1.0041724334959299	0.9989846021407428	0.998049636431239	1.0028042414199716	1.1135291837942287	1.1436559548696845	1.0099366930111142
1.0244227237527825	1.0270007977318814	1.0105128459618862	0.996499886960665	0.9902136620006886	1.0911102790223097	1.1208036952354608	0.9853216865487769
0.983311707155418	0.9739192652354713	0.9865912670891617	0.9808661192909495	0.977707884767029	1.0464306786165505	1.0662291939394877	0.9868375155291782
0.9706290816153036	0.9743853719196033	1.005024569065723	0.9796332899319882	0.9763931114133144	1.0645503834101906	1.095812542410002	1.0130479312786462
0.8079731089462805	0.7253761642181231	0.7966555339466601	0.8868767132913618	0.8542381292832751	0.9028131568700773	0.9687017330102409	0.8614837710120891
1.0377827763857672	1.0071750973933609	1.0239790008971723	1.0070907566644742	0.9863855186715003	1.0895416766776307	1.1010688480826496	1.007453761393641
1.056719725508684	1.0638834545004925	1.0495562962173406	1.0208393480692293	1.0161293592635157	1.1031369975538368	1.1515448998273536	1.0380510536828496
1.0020827873563016	0.9699073309955126	0.9935281847163174	0.9873135543232116	0.9774121497809573	1.0447013420744828	1.0588828131155148	0.9687316535392562
0.9864672322610705	0.9643262199985415	0.9682961128553533	0.978147430215572	0.9642944482300109	1.0415603142127567	1.0609144822176733	0.9657503399797145
0.7987892451770575	0.8046569172538257	0.8076562492914848	0.8714777523375272	0.8508684143347243	0.8601153713195514	0.8608987380897534	0.8317948833284289
0.8660076642274036	0.8775688278072458	0.8764747020506749	0.8893195445140235	0.9258541422390661	0.9619888782720742	0.9799779542089737	0.9060817515524648
0.8023378632026729	0.7989141621288086	0.7937482412462173	0.854702014576927	0.8412548800124988	0.8419380759592436	0.8622935123809733	0.8428746327819008
0.9725603883882636	0.9643970076096549	0.9605157967965862	0.9669865742880015	0.9712226274306258	1.0409552637952342	1.0689668338998837	0.984664588304134
0.9846726190338455	0.9749269299482359	0.9897277853005357	0.9735781469498576	0.966246698821198	1.049182520616608	1.0600246131928717	0.9720909573218378
0.9615014847313245	0.9511083933730621	0.9696070907304617	0.9687829739477339	0.9728563615807756	1.04915669781884	1.0528910462674617	0.9637706172231026
0.986592533136775	0.9909862232543296	0.9860347247184174	0.9836780211247579	0.985549720141433	1.0659382529096693	1.0691615614008292	0.975610289866488
0.8118177167415525	0.7572464529690824	0.8014929135475131	0.8846154275271225	0.819284154496865	0.8967157911102256	0.9056257166368135	0.8562924100774808
1.0054595946641416	1.0103410023617132	1.0250797147150785	0.9802499996624665	1.0011830761446718	1.117918096855048	1.1490694944652136	1.0231928567354673
0.9682588707753227	0.9416385785675238	0.9563753360481771	0.9683229394800806	0.9635563708839772	1.0458606004492208	1.0554540461547806	0.9876926045879142
0.9528987304523552	0.9479989769014404	0.9510926749624784	0.9467974892960177	0.9517335151160864	1.0161003389803622	1.020666494971987	0.9391911267884144
0.9692276925816098	0.9787141277713436	0.9740203807757922	0.9556501987085482	0.9729984005383818	1.0426162680902813	1.0518106074072298	0.9580734133491655
0.9229524830223319	0.9127963097769639	0.9333311177977613	0.9561518038106257	0.9296718310075935	0.9843996573910662	0.9723707915144068	0.9281096567442249
1.0136819676977984	0.9934667351106558	1.0011192401386615	0.9676892808332263	0.988943805109041	1.1096091231077576	1.1220091326737942	0.9920039511357536
0.9717149944462695	0.9645362850442379	0.9669910418490371	0.9643396039761274	0.9403795178478187	0.9885016711145079	0.987500742402218	0.940516660678847
0.9990751050875223	0.9952691312242644	0.996590336238696	0.9751225024981923	0.9740752519908794	1.0383043235739804	1.071636746562541	0.9810000188773979
1.025061298798095	1.014221071191581	1.0094330714908133	0.9944776753368785	0.988448887555907	1.083019859862181	1.090393051414613	0.9917960850441729
0.9991844419993744	0.9974263580190249	0.9909577171551937	0.9991961345447593	0.9919635272988832	1.0677807274374336	1.1134743290911888	0.9946098206199772
0.9982561166559816	0.9920872194501711	0.9845036410094443	1.0005725796899094	0.9931029423140897	1.0797413576182648	1.0911253384264024	0.993554198022222
0.9847836623349977	0.980154399424737	0.9778208128514849	0.9631387140897701	0.9730508708702275	1.0395694717467157	1.052483745322753	0.9655145705308635
0.9943307120560817	0.9799615697600805	0.9912015057764151	0.9960161293832867	0.9844971928699975	1.076899083037874	1.1103351490426043	0.9935028539794468
0.9986301588108076	0.9923540660575488	0.980961760121265	0.9820885807317907	0.9738869129361999	1.0873650769330854	1.11307513158103	0.9851877711489881
0.9882810643563412	0.9663701946414285	0.9730545097516038	0.9810156572636637	0.9595999726053389	1.0471239565783728	1.066289343165706	0.9568928295807432
1.025462338789924	1.0095432107826632	1.014146129507567	0.9973646571462509	0.9990609730166636	1.096271216925951	1.128433501695292	1.0031054086076467
0.9891985330468329	0.9967892692068504	0.991397048193237	0.971240150819724	0.9947414386353414	1.0690278111382643	1.1270511456686922	0.9860820424514396
0.7632888402194941	0.7491952703888667	0.7291275588009192	0.7747724912460311	0.7394276576178973	0.7170531764082738	0.7829015690570835	0.7364035791933534
0.9028486550763708	0.9020502249415727	0.9201257290597754	0.9318804123837464	0.9160837833085116	1.0065381933786615	0.9897599015054707	0.8985666229660069
1.0230339379333035	1.0203648487928338	1.0064200593747914	1.0132037232899538	0.980935800950178	1.106008873546499	1.1365593750390448	0.9794758677234706
0.9806289432719125	0.9707381962304571	0.9762909047296094	0.9678704678666691	0.9911346258043271	1.0639678390727234	1.0707694509116075	0.9856217014555908
0.9636026343807337	0.9758114648193449	0.9711914113158472	0.9510707796729363	0.9671359306145939	1.0695542836941443	1.081411838797823	0.9709105772852561
0.9853967458562144	0.9560656474249312	0.958721048556041	0.959505253050339	0.9602070049438953	1.0393000590167008	1.0557290266934534	0.9794733015179188
0.9530715351604888	0.962278813975861	0.9508781700589567	0.96389774638905	0.9560223123561553	1.005461409070843	1.0292530844263406	0.9494645298494144
0.7917217359895475	0.7910141481288226	0.8091678386284228	0.874904123700835	0.8573884589299107	0.8697327240677822	0.8744529887549312	0.825069281377185
0.9303840263493486	0.9435676845027843	0.9546470070182163	0.958372820603641	0.9359176657381941	1.000074093702444	0.997673360122215	0.938689731119459
0.9860909382498011	0.9838037122357827	0.9747026478081039	0.9620884976810742	0.9656004705486634	1.056497719680531	1.0819732575202887	0.9361486859270629
1.0217183144840598	0.9947788044205506	1.0017723740411533	1.0066162189368228	0.9935607838313008	1.141669597822722	1.1525999462255927	1.012360289017014
1.0054483899619182	0.9886393212283527	1.0114697184702222	0.995309705074776	0.974100505722821	1.0689813167606421	1.0883247872893818	0.9901270951814425
1.0046636907833753	0.9990943068960255	1.006892723668118	0.9954012113373143	0.9922396906023718	1.0764875166321601	1.096228604540995	0.9875013544837097
0.9649165726244762	0.9426002855156718	0.9581988764551197	0.97280625170099	0.9700184142206523	1.0242200780389874	1.0514785545168797	0.9477731572683539
0.9766816146260265	0.9732420185119643	0.9683213348460303	0.9686893920442466	0.9905920388304607	1.0702837272852663	1.0814839456976002	0.9682852969040512
0.8977969290837614	0.9160970431055988	0.902720065864831	0.9915999136044885	0.9890962346114673	1.1361061614268324	1.2304503130069624	0.976963113128161
1.015702831314641	1.010382451771868	1.0019356243974922	1.004240156602986	0.9924340364196131	1.0936769411439748	1.1091154908184133	0.9975539704884258
0.9562521297153453	0.9184979905716985	0.9426415609032156	0.9578337983045195	0.9479455043161539	1.0171055482432736	1.009572287440629	0.9391838523635813
0.9806127093083181	0.9943453368551813	0.9815757234563122	0.9645232255703252	0.979971742660804	1.078725748375029	1.0992940115121663	0.9836100491893331
0.9201817368207997	0.9076739814173926	0.9671530971654639	0.9150126142877638	0.9548859762396238	1.0221945964792767	1.0725063877986234	0.9410491583565707
0.7693529381282692	0.7703352837411392	0.7598019214003323	0.8547743714084517	0.7869735293851049	0.8349796914265314	0.8931761583599707	0.8317523800298933
0.9103848984027731	0.8830156745608754	0.8989246947569847	0.943492019973043	0.9314067406225696	0.9821429379761883	0.9629807445358848	0.9347449296384681
0.9626262643708318	0.9541851845808241	0.945880709714771	0.970556179171179	0.9646920023038589	1.0514567988107815	1.072116536563507	0.9601988937171702
0.941705615727081	0.9545533192569231	0.9631629987042524	0.9470800391564331	0.9508385516218091	1.031167345658133	1.0436621980651282	0.9580952278322284
0.9948331736005185	0.9891872106594777	1.002704968916399	0.9782435961438362	0.988640093885976	1.0605687741758836	1.0743878497224004	1.0065438176248471
1.0411795197427984	1.0466680744029853	1.0604986613910292	1.031254806376454	1.001346006888566	1.0855126633159107	1.1300445677675286	1.019519627930369
0.9787701575144923	0.9789671040235101	0.9645748375065296	0.9667095056146225	0.9592987282623932	1.061379531472779	1.1080658958032619	0.9534162497874037
1.0269080336692902	1.0087715843734955	1.010170154006692	1.0061553156738734	1.0023804164985048	1.092874352622324	1.1210175634587334	1.00179040826247
1.0385911136752157	1.011235041805549	1.0400105331801404	1.028260939351916	0.998554858086138	1.0671873891864174	1.1075924619243958	1.0226034892766565
1.018908343261585	0.9985741848848843	1.0054867792103173	1.007977134489272	1.0131835396963502	1.0907673418800876	1.117217784545526	1.0182268507450534
0.9856055914592838	0.9746127997792889	0.9727868631068859	0.9873232536585916	0.9878496947990713	1.0611971200119314	1.0790023288461617	0.9940459723230086
0.7688265002424252	0.8347225798965505	0.8183072067050994	0.8915243303866447	0.8016066720501894	0.828872942398313	0.8439669872160189	0.8361374637926842
0.9826501297893463	0.9776271734572428	0.9865277035041535	0.9758492386578747	0.9515236406796164	1.0259795075642468	1.0392990221155032	0.9630794123900612
1.0091761554893872	0.9945405926270297	0.9952624910234528	0.9912506795761219	0.9696048285672225	1.058139955925109	1.0797665267531307	0.9765034832797392
1.0095975878778858	1.0119717829865333	0.9987173045667426	0.9954311798792959	0.9804918909961826	1.0428748465148194	1.0659430773774752	0.9923584828349042
0.9880309493935664	0.9940261381907086	1.0063049576875283	0.9617840923698785	0.9804721445050459	1.0336344606720962	1.0824217036167743	0.9625702269971318
0.9603658281017294	0.9274659803355132	0.9404281755672552	0.9467321433315635	0.9387146078334357	0.9839702761713769	0.9710210399060991	0.9250484057014543
0.9545581584286463	0.9547388848879944	0.9418349826897445	0.9448765661954082	0.950246863902011	1.0193502608117124	1.0390986854354514	0.9221207994173787
0.9741456970904998	0.9803619397320312	0.9655398440325734	0.9538960345592978	0.9885719167176473	1.0521501108360163	1.079058537008982	0.9663261501912072
1.026189953535706	1.0246278180009047	1.0159015022215085	1.0089661067191813	0.9908388438492405	1.1154083854934673	1.1460718829913865	1.0027292167025785
1.0431434787464924	1.0379945028656357	1.0245907561670529	1.015369337071221	1.0046179957168924	1.1111419514417538	1.137046658012382	1.0207911061200037
0.9416721856397446	0.9367959712377874	0.9385823140942405	0.9478897406738271	0.9365579837605774	0.9957621179471033	1.0056401268910036	0.9362666847453341
0.9828744865790925	0.9684716322932485	0.9904058346310101	0.9710224225973146	0.9755202732787938	1.0699776528013976	1.093052488838369	0.9795768651257225
1.021865801227751	1.0027969432511266	1.00524688974027	1.000741003620394	0.9699972720568971	1.069523306674343	1.1056024356543077	1.0080098117545626
1.0233955160845274	1.022114964598022	1.029727658028247	1.0015372050992315	0.9942554923579886	1.1050627748558204	1.12203408374027	0.9909832994823101
0.8756301797422302	0.9129002854884818	0.8760579986654741	0.9289040048995225	0.9456906374854993	0.9743044331660167	0.9883526060023776	0.8960718813247774
1.0308240471345302	1.0242119213505396	1.0120780948465762	1.0068994408634564	1.002047122378384	1.1016772941379236	1.1292364918020787	1.0045311200876048
1.0114905786759503	1.017329145888765	0.9993746347427064	0.9803692296499863	0.987196743129581	1.0733919643710805	1.0911476859828444	0.9902767033952736
0.9917846809317052	0.9679666719760551	0.9778525637214422	0.9938555793773387	0.9746541486399325	1.0493613983869492	1.0632520534661594	0.9733577243171141
1.0338790038703556	1.045356691013946	1.0385280245162505	1.0105420846257405	0.9963456832402869	1.1240782197410997	1.1443312307020301	1.0105533218775362
1.0464030803737863	1.0509372876654068	1.0387942778519048	1.01722367902123	0.9916605294057095	1.1117344006333407	1.1451436584609767	1.020202387397005
0.9864757316677247	0.9802037107877758	0.9912134639201119	0.9883396906282655	0.9670064589893875	1.0574616951245128	1.0708531471054001	0.9729342707211888
0.9670239488454798	0.9554004895550471	0.9323131545010837	0.952009134852308	0.9808009522566656	1.021102658314743	1.0234884244107538	0.9632509501323921
0.890201295477125	0.8868724138261975	0.8988799627661235	0.932300830947232	0.9109640894071971	0.961374851152684	0.9634749614341844	0.8868031669427728
1.0348989759470395	1.0224352275544373	1.0313527886266354	1.0147490532142724	1.0072426408738329	1.103478387740765	1.1335646761949987	1.00614191476487
1.0088962554466046	0.9922281959297902	0.9980524608252069	0.986243954023601	0.9620614153072002	1.0678718816633068	1.0834140303077089	0.9737090210226887
0.9568392691556726	0.9399875547964468	0.9580003280174086	0.9624358683044333	0.9587319103637635	1.0484812390535247	1.0339896530165413	0.9514067345933718
0.993241119611768	0.9904577705601645	0.9808653576199525	0.9919922873700258	0.996043182309446	1.0517938505082194	1.0617949036776102	0.9804166387545338
1.0038203106469277	1.0136772482031833	1.0149022547711333	1.0060057287721635	0.984718096319124	1.0909584793815084	1.0991080441884076	0.9972380767593226
0.9639826115618889	0.9797751073107046	0.9757831408889693	1.0116451791919818	0.9848667540368905	1.0526785771740386	1.0668836857316393	0.9857279369093632
1.0147370811300664	1.014024574897391	1.0141237560819263	1.0025472542801688	0.9673998193622466	1.1111595493475015	1.1476380307365297	1.0059280656738727
1.0193120495393913	1.0257331745753653	1.0168760384360236	0.9944289788108132	1.0010862816250308	1.1120567131789763	1.1309361444791788	1.0108691205154219
1.001750284762753	1.021705537211095	0.9894322224944089	0.9824825835920277	0.9882854735124686	1.1057015107336197	1.141419183686076	0.9762281209427452
0.9897803467768551	0.9886545216926833	0.9951972811406146	0.9933575898473987	0.9925847516181575	1.0723240957271343	1.1248742144912736	0.9885565552506087
0.9252931660561592	0.8808160592918959	0.9390555117272241	0.983709038293918	0.943297811272961	1.0036884419822916	1.0587492288518745	0.9218810203885246
1.0049023295381334	0.9964375185755185	1.0029956285722401	1.0045533167898753	0.9862448365002201	1.0706985811923588	1.0964754473371525	0.9929512762304022
0.9586213107809687	0.9481915636124854	0.9640671974667482	0.9672991083765841	0.9672652831664406	1.0547144505792831	1.0581468285653113	0.9650165389364764
0.7801340066253288	0.7697731390364358	0.7611699998465153	0.8156711127017388	0.7812390271988168	0.7842039335156128	0.80868229881995	0.795721657335436
0.9832055466010824	0.9717312331387046	0.971109129545631	0.9674533145890154	0.9675458540955293	1.0680519832274558	1.0936366180155126	0.9734013552016944
0.8086820943503955	0.7961506618187069	0.802687906612025	0.8773646910924193	0.8115379990152719	0.9010344841068555	0.9098686046509837	0.8479112504954642
0.9193182509011	0.9190456856472504	0.9361669575372658	0.9388287100669498	0.9465034039947543	1.005400324703328	1.0110492538045897	0.9438984370500979
0.968176767549659	0.9704828567495569	0.9715141801009053	0.9536285492104729	0.9708240259587435	1.0419180198717277	1.0645582966203613	0.9452311319506771
1.0018962040495052	1.0132237854732604	0.9944096162458221	0.9742187135948364	0.9763201195554184	1.1013209857183528	1.1102897968331649	0.9790986075033207
0.985250387102062	0.9856978106580244	0.9780320431722083	0.9654838122646066	0.985114160468008	1.0858419052550101	1.1130905364703492	0.9634356566159888
0.9147103374698281	0.9208978725957	0.909387099246921	0.9428634763798922	0.9408590933989986	1.0628108009985842	1.0416518827945351	0.9595601084791258
1.0139824917238716	1.0186946603384186	0.9991393241011043	1.011205010699339	0.9783913871836779	1.091053608330158	1.1077527051641471	0.9848684006471232
1.0151422290263394	1.0262093960900258	1.0199751156203098	0.9981491344208068	0.992121787256484	1.1014184616906113	1.1399814838657587	1.0120206042826916
0.6614128864905997	0.6399640617852481	0.6682005814946311	0.845314871555825	0.6463590574606414	0.6749394819757175	0.6756519666410034	0.8025256809957021
0.977247584160633	0.9660570827968462	0.9681253932454564	0.9731457467047534	0.9748130171874128	1.0662076957773796	1.0838614880697655	0.9707400960241495
1.0019173311288914	0.9940010245182872	1.0071214466827416	1.0149863283658396	0.989684403968055	1.0618145281734919	1.0890137543952505	0.9949371295472288
0.9268267015985973	0.9309717397093948	0.9386211905152145	0.9562998477424696	0.9342904049778922	1.0132808584991895	0.9858030603275728	0.9310894084276433
1.0017280560166975	1.0115150940249986	1.003172476285243	0.9817678103384874	0.9718890880744675	1.1014357914323298	1.1132689623489835	0.9828329555246428
1.00785047469171	1.0237783179548172	1.0019473285142204	0.9891384620738255	0.9789670122957639	1.115836438651036	1.1227191123750102	1.0026659392137474
0.7750401383693605	0.772975437082144	0.7453348067613682	0.7833467911148142	0.7468863191178075	0.8232558762221015	0.8141777844838924	0.7775258202736032
1.0215073785567712	1.0120077366613394	1.0113804582356165	1.014438906044466	1.004763938779573	1.0831238458161114	1.103806315411714	0.9939837673569615
0.9953696598585349	1.0135148699942258	1.0093456795431002	0.9859860153048565	0.9871364842003236	1.0948825606898005	1.1200205219933812	0.989814420571797
0.962053544279386	0.9507318989443462	0.9523874123511977	0.9441813952038739	0.9433959789816316	0.9931845372238842	0.9954685512810568	0.9248777824481601
0.9550823138292663	0.9635862659066023	0.9621511796955036	0.9747845318387623	0.9680285337675165	1.0547045907407253	1.0519731295990309	0.9545906062000682
0.9897594413501367	1.0166940204415422	0.9992867309902463	0.9886371211138265	0.9849077451187701	1.0820875982285099	1.0861597667499756	0.9841469321534257
0.9433010916098118	0.9475920543308642	0.9616210174148296	0.9443406719842579	0.9575829392560256	1.0002292200735554	1.0235274037780142	0.9445456983499122
0.998056358880359	0.988009253512344	1.0040161840815733	0.9743315091237089	0.967229942848537	1.070824634256781	1.0821796403865547	0.9626187723014513
1.0234315557958453	1.038556450011423	1.0237743980347493	1.004428392774042	1.0066547479134023	1.085024646345263	1.1070794288453247	1.0181168079175786
0.958927280250849	0.9457412775075865	0.970215356514368	0.969784360553747	0.9912587026269669	1.0887239338490324	1.0932945442585755	0.9808018403858288
1.0071031880321337	1.002078487609495	1.0216082469128156	0.9955544772315765	0.9898329700431988	1.0915243259890055	1.1085448658275368	1.0069276636081643
1.0025808468247148	1.0095215959835413	1.0097841276220219	0.9932857781791217	0.9782084206343261	1.089964676488916	1.1204412732132185	0.9928348481903206
1.0466208743830692	1.0550822569605351	1.0513241182644846	1.022136491103867	1.0058786965211906	1.1214583008580266	1.1635434294164007	1.0364742127575195
1.0082526017387503	1.011387171490329	0.995340983410261	1.01203256374096	1.0007194456982498	1.0977780914608002	1.132784525175261	1.0267556761113603
1.0239387755224745	1.0404228929101054	1.0273474311923103	0.9989221118243957	0.984181207160229	1.0878872724138189	1.1167019860178182	0.9943347337008994
0.9937753790209543	0.9854226387619789	0.9992738112137634	0.9843477633111861	0.9935241215978351	1.0893184319770512	1.1229754190240047	0.9773867309648077
0.8868345794949295	0.8788860662365147	0.916463479432983	0.9177024724032887	0.9251854787293526	1.0060791024219797	0.9992328253209842	0.9250342927306928
1.0193318276664252	1.0375817338841833	1.035351151394295	1.0202790901842982	1.007495653594668	1.092551714839384	1.133363255006354	1.0130346703118458
0.9949077921955788	0.9817532353294282	0.9942160902643873	0.9772909455353512	0.9698747299073349	1.0569431931318376	1.0779572511754079	0.9730000387308528
0.9593210861794659	0.9593537665885332	0.9585962739123808	0.95669131067634	0.9696637689974356	1.0539605907022453	1.0726224213813644	0.9696012718799324
0.9283503232593658	0.9310862939269887	0.9409765572074599	0.9370785662398912	0.940708466025392	1.0088368938209225	1.0052588566312213	0.9373824822680117
0.9593656338587656	0.9573979242620851	0.9544723699633809	0.9572759012977079	0.9274642004458387	0.9908023226857404	1.0004707030062698	0.9372155826730683
0.9989058590951931	1.0126721504962413	1.0028750300361184	0.9789225498579521	0.987324299642192	1.0867235612470598	1.1050454536503411	0.9946254695358218
0.9538136944692578	0.9531083221377931	0.9514479992539352	0.963555987522549	0.998925747844016	1.0814335403261495	1.0849221027105005	0.9744659238286212
0.9875150144943707	0.9875661710519426	0.9862866752161036	0.9822267239316012	0.9732989692147875	1.046701858490664	1.056231061658785	0.9666273189421867
0.9897726068327161	0.981726988968041	0.9784438139926027	0.9780427284588868	0.9821961590314688	1.066418538382896	1.0821219733983067	0.9739618787230648
1.0095264191560123	1.007288547266288	1.0120628731453505	1.0112978963580108	0.9956476724697415	1.0795463092824165	1.106754159693062	1.0024903878686877
0.9696356194646121	0.9698899349020834	0.9838365707134956	0.9751613322575234	0.9628680263238428	1.0424621012922488	1.0425545123089337	0.9472635890587798
0.9926506672829141	0.985315836613293	1.0323278664012412	0.9646975264716002	1.0049715467409372	1.1034382837258832	1.1171717699247639	1.0202011509724054
0.9496286798196242	0.9417093549200889	0.9488135644205095	0.949183354889651	0.9616517587752547	1.0400682188224393	1.0328404005322975	0.9467190526500631
0.9990160962380131	1.010224826079697	1.012738525332628	0.9790348677354636	0.9794906359712754	1.049803361151244	1.0682952422615424	0.9826712162491525
0.9706837473189276	0.9724833825961215	0.9609824395740044	0.9472134935054867	0.9657260636934857	1.0760567937943506	1.1020636737679157	0.9824798638107513
0.8606635694687883	0.8359105602209245	0.8529161736729495	0.9203757061302301	0.9070035061203853	0.9528096806646983	0.9178084779498665	0.8827176694049241
0.9568078253856328	0.9287443784665846	0.9507953635972581	0.962550803226972	0.9584239417617106	1.0265435942133154	1.037754110838559	0.9603792726863908
0.9296709122645	0.904826863073291	0.8962972264508796	0.902595329183858	0.9183200353377039	0.9974143399036005	0.9937271444709062	0.9073671267448246
0.8741241442289953	0.907318683034487	0.9020219587837951	0.9077906882572271	0.8975392221168078	0.9548088813130282	0.9559322562046811	0.8805417111698878
0.7968604804330315	0.7903967991774076	0.8077792113103318	0.8958357192331767	0.8529507387667689	0.8817241029174061	0.8553178659953379	0.8287242991291529
0.9905338232689676	0.9672037965926088	0.981732409038635	0.9736401571678559	0.960085433867444	1.031547493590125	1.055078876809419	0.981146766769822
0.7760623053160081	0.8103876939872842	0.7435838121177873	0.7910516671800871	0.7963391751805916	0.8055066882402919	0.8223118020176301	0.7484622455800395
1.0128142876627604	1.0079975208411	1.0134657400577103	0.9915547627527864	0.9779945918128284	1.0593557127028606	1.0801246649789942	0.9803779228811034
1.0130693346368094	1.009702443409112	1.0112022333456414	0.99644336897224	0.9990431355491313	1.1071754563471117	1.1269019457563008	1.0032020514220783
0.9846067936270381	1.000855715217827	0.9833473612311269	0.973058916144816	0.972859179045446	1.066532209768673	1.0490543355909698	0.9632720786861859
1.0124006940462367	1.007740495266964	0.9974924571507046	0.9891243496962795	0.9924732602832738	1.0708430361879395	1.0863404393405938	0.9739246779590418
1.0252113813769506	1.0076604543550851	1.0016480362209197	0.9965163667607603	0.9956186626908643	1.0886458728954471	1.1174268424017542	0.9954089014350628
1.033150923759014	1.0287595190886256	1.0142196238439662	1.0018426815491337	1.0068930497923052	1.1110082860643844	1.135472269781348	1.0147814211290989
0.9609365403017869	0.9494798568056358	0.9708549893626979	0.980726096592058	0.9695965378570357	1.0685231892114977	1.0731370166400733	0.9642284501913488
0.9565155404102428	0.9645549070828413	0.987957257006443	1.001384445699205	0.9798496855679423	1.0495392927235117	1.0824831172414082	0.9996351380943375
1.0078328035391417	1.0129955940445439	1.0061625798116602	0.9909406597234887	1.001390897962125	1.0918960945639025	1.1020423491163456	1.0082969924228768
0.9801878265275282	0.9632291946907011	0.9548631813427966	0.9673066152696959	0.9682701927275277	1.0240274484984615	1.0337938685945183	0.9464965090821131
0.9946441519127578	0.9919221098294106	0.9916132252651594	0.9859546812215216	0.9689660142278839	1.044148310854231	1.0659600649716934	0.9794364470618364
0.8065753900948941	0.7751973157033172	0.7816565740083038	0.8081843928975864	0.8256501399206666	0.808356913702887	0.8143796262720391	0.7785822510807641
1.0039482695707962	1.0033802443876094	1.0194052894901549	1.001320044066642	0.9907253572652389	1.0751504077560783	1.100815663760814	0.9904387055773396
0.9451739370320967	0.9293808089695756	0.9746316012583418	0.9897674625371884	0.9840882072465317	1.0482555844864299	1.0644375837148379	0.9699873179838586
1.0164778884588572	1.0148997486143547	1.0191178675635104	1.007237148104044	1.016196119030049	1.124200372382637	1.1490064578357075	1.0291948665699042
1.0221668601996272	1.0312670466105198	1.0170468788508729	1.0157501843255643	1.0006348387806994	1.0940085447828323	1.1303791352680885	1.0066944887579574
0.9772261736463392	0.964411363981141	0.9798944448841198	0.9636434595634618	0.9579426756285017	1.0248461811033651	1.035705932344839	0.9514396835705554
1.010312819800809	1.008688651435308	1.0125347677420733	0.9961244863310117	0.9813705342731764	1.105287850458166	1.1310547500407981	1.0032898183151424
0.9786307528013475	0.9596639015615768	0.9751607388683091	0.9865795626450035	0.9611553209621407	1.048103980981086	1.0706493559040384	0.9794254761985605
1.0259735942251373	1.035057849534261	1.026224174351222	1.0022467150151009	0.9890024025289125	1.1156083551311031	1.1247800559326644	1.001281267844669
1.0256061397764207	1.0119737785564462	1.0029661065091133	0.9829307386186676	0.993915448404972	1.0969561637681464	1.0939543023388614	0.9955012618875262
0.7067424710979585	0.6987897372737447	0.7152597791606454	0.7597648408982257	0.734394234330336	0.7476937228398488	0.7263285194143996	0.7484390672400331
0.8613918400378705	0.8581441600340053	0.8851393100475998	0.9061639948222758	0.8991628222680147	0.9348685981277737	0.9164680101907564	0.8901773792622618
1.0226066450061135	1.0167826450423048	1.0076479322642466	0.9962991139481798	0.9988206888345107	1.0992481598458341	1.1255221724728481	1.0003539867937792
1.0356638932273745	1.0293650167399255	1.0170784498833259	1.0055378837150957	1.0027120890892511	1.1162093129416564	1.132687209988783	1.0036308415023854
0.9428690963008993	0.930193366642584	0.9467085896135601	0.9516103212211223	0.9529159039889812	1.0134933808662614	1.027367877318191	0.9515180125463718
1.008166446155033	1.0010636118685428	0.9835127217172567	0.9683156096797783	0.9852595755714361	1.0801559740303999	1.1218274679058124	0.9775435796795878
1.0142321222320527	1.0071075623440453	1.0216413521965066	1.0043112673509547	0.9988148150735092	1.073714415742752	1.0982729104668274	0.9977294813980074
0.9985809821721814	0.9765725342274	0.9796145945778948	0.981459822776059	0.9801522446575238	1.0572813229895737	1.0774657789208957	0.9861074432478777
0.9848693424154894	0.9983021582940094	0.9919875016140303	0.9875843654071451	0.9683808624201264	1.0345780792741996	1.0734643087978748	0.9755737586401537
1.034300136828746	1.0274352727261482	1.0266791828840591	1.0121470576940488	1.0097321816897242	1.107374049525938	1.1217895178745454	1.0014174703757552
1.0028905312409204	0.9766120459197764	0.9883739750995022	0.9941147171865052	0.9817739778103168	1.0565004198834576	1.0605246335096543	0.9809957486211642
0.9906537843640025	0.9847863139928082	0.974675865432729	0.9712912063055913	0.9910142446257498	1.0783964725450832	1.1053579265131706	0.9797103887685522
0.9642225167492985	0.9738644573714021	0.96487686830873	0.9684272735269708	0.9869073702812464	1.0754284718957663	1.1192230034304016	1.0036492725401422
0.9429723925932008	0.8942748557055958	0.9156352990558807	0.932541413672975	0.9439173673443579	0.9638788089888221	0.9796599003925403	0.9040761116302759
0.9809773267971356	0.9712848585971088	0.9961422342219317	0.9997201637041963	0.9871874774002966	1.0683148130622195	1.092632430219893	0.9889966361411533
0.9920348910763422	0.9793519726697417	0.9846366694722232	0.9782269533557275	0.9602821593554655	1.0592732232418798	1.0574102006674624	0.9616538109091133
0.9822635095534054	0.9776246446395656	0.9871014158934452	0.9955575243283441	0.9727203978181689	1.0643170332599088	1.0992639166726885	0.9766089965615182
0.961340955715014	0.9616977002923384	0.9764342101180127	0.9626133721504679	0.9644561889660848	1.0501137970541037	1.0611016064139787	0.9635568302861356
0.9852785123196326	0.9742753320239715	0.9880763780756007	0.9880806543739485	0.9824123220238671	1.0513141824645378	1.0853194498417416	0.983710391207176
0.9803151754327065	0.9662566678392333	0.9680089717549691	0.9852473989182852	0.96495852735006	1.0573391721207042	1.0787333218243118	0.989721431960334
1.011830772435713	1.022971892997305	1.016088032631432	0.9908969919926905	1.009612193411568	1.1117323993136858	1.1529223111009164	1.0043160744298345
1.020846110783823	1.0234216690620621	1.0235866199709445	0.9997442871699721	0.979336329166137	1.1077552512421833	1.1151411159376763	1.0080709564847044
1.0029338677941935	1.0162552567039163	1.0033697127042256	0.9811065571911225	0.9901723497586563	1.1012359924271637	1.1171277573743539	0.9937515171586808
0.9295764376836413	0.9164590826386332	0.9175197178791507	0.974156415691548	0.9763882926086627	1.0713524452247631	1.0497111855527275	0.9518816753898512
0.9904528335195969	0.9801410074389504	0.9956126093758834	0.9754974806099301	0.9652251845417287	1.049879226460894	1.0565494742492774	0.9607803416782433
1.0339648404705641	1.044872505574046	1.0296858063925836	1.0119029221907216	1.0104549833273766	1.115513493179409	1.1496233514527614	1.0118016347718373
0.9997066514497523	0.9903100907925924	1.003547012727443	0.9950289982102801	0.970434790011301	1.086110362839364	1.1008980234196684	1.0044925884501894
0.9947939959895225	1.0065922985788636	0.9985492157475584	0.9652837991925873	0.9916254427068175	1.0859592800378228	1.1139433073763556	0.9892207364418801
0.9368091783256498	0.9241560647224907	0.9317648867468831	0.9428394440647977	0.940702845974407	0.9958251677237185	1.0513530466540637	0.9357812095244016
0.9466657935497405	0.9528712458493862	0.9659986627298199	0.9664167530443517	0.956706956158154	1.0523396909765366	1.0526063162113635	0.9330290673070113
